--
-- File generated with SQLiteStudio v3.3.3 on Mon Aug 2 08:21:53 2021
--
-- Text encoding used: UTF-8
--
PRAGMA foreign_keys = off;
BEGIN TRANSACTION;

-- Table: izostanak
CREATE TABLE izostanak (id INTEGER PRIMARY KEY AUTOINCREMENT, id_ucenik REFERENCES ucenik (id) ON DELETE RESTRICT ON UPDATE CASCADE, datum DATE, cas INT, status VARCHAR (15), UNIQUE (id_ucenik, datum, cas));
INSERT INTO izostanak (id, id_ucenik, datum, cas, status) VALUES (1, 1, '2021-05-14', 1, 'оправдан');
INSERT INTO izostanak (id, id_ucenik, datum, cas, status) VALUES (2, 1, '2021-05-14', 2, 'неоправдан');
INSERT INTO izostanak (id, id_ucenik, datum, cas, status) VALUES (3, 4, '2021-05-14', 1, 'нерегулисан');
INSERT INTO izostanak (id, id_ucenik, datum, cas, status) VALUES (4, 4, '2021-05-14', 2, 'нерегулисан');
INSERT INTO izostanak (id, id_ucenik, datum, cas, status) VALUES (5, 6, '2021-06-01', 1, 'неоправдан');
INSERT INTO izostanak (id, id_ucenik, datum, cas, status) VALUES (6, 1, '2021-05-14', 3, 'оправдан');
INSERT INTO izostanak (id, id_ucenik, datum, cas, status) VALUES (7, 8, '2021-06-01', 1, 'оправдан');
INSERT INTO izostanak (id, id_ucenik, datum, cas, status) VALUES (8, 8, '2021-06-01', 2, 'нерегулисан');
INSERT INTO izostanak (id, id_ucenik, datum, cas, status) VALUES (9, 100, '2021-03-01', 1, 'неоправдан');
INSERT INTO izostanak (id, id_ucenik, datum, cas, status) VALUES (10, 100, '2021-03-02', 7, 'неоправдан');
INSERT INTO izostanak (id, id_ucenik, datum, cas, status) VALUES (11, 100, '2021-03-01', 2, 'неоправдан');
INSERT INTO izostanak (id, id_ucenik, datum, cas, status) VALUES (12, 100, '2021-03-10', 1, 'неоправдан');
INSERT INTO izostanak (id, id_ucenik, datum, cas, status) VALUES (13, 100, '2021-03-15', 1, 'неоправдан');
INSERT INTO izostanak (id, id_ucenik, datum, cas, status) VALUES (14, 13, '2021-03-02', 1, 'оправдан');
INSERT INTO izostanak (id, id_ucenik, datum, cas, status) VALUES (15, 219, '2021-03-02', 1, 'нерегулисан');

-- Table: ocena
CREATE TABLE ocena (id INTEGER PRIMARY KEY AUTOINCREMENT, id_predmet INTEGER REFERENCES predmet (id) ON DELETE RESTRICT ON UPDATE RESTRICT, id_ucenik INTEGER REFERENCES ucenik (id) ON DELETE RESTRICT ON UPDATE RESTRICT, ocena INT, datum DATE DEFAULT (date('now')) NOT NULL, vrsta VARCHAR (20));
INSERT INTO ocena (id, id_predmet, id_ucenik, ocena, datum, vrsta) VALUES (11, 1, 1, 3, '2020-10-15', 'писмени задатак');
INSERT INTO ocena (id, id_predmet, id_ucenik, ocena, datum, vrsta) VALUES (12, 1, 2, 3, '2020-10-15', 'писмени задатак');
INSERT INTO ocena (id, id_predmet, id_ucenik, ocena, datum, vrsta) VALUES (13, 1, 3, 2, '2020-10-15', 'писмени задатак');
INSERT INTO ocena (id, id_predmet, id_ucenik, ocena, datum, vrsta) VALUES (15, 1, 14, 3, '2020-10-15', 'писмени задатак');
INSERT INTO ocena (id, id_predmet, id_ucenik, ocena, datum, vrsta) VALUES (16, 1, 15, 1, '2020-10-15', 'писмени задатак');
INSERT INTO ocena (id, id_predmet, id_ucenik, ocena, datum, vrsta) VALUES (17, 1, 16, 3, '2020-10-15', 'писмени задатак');
INSERT INTO ocena (id, id_predmet, id_ucenik, ocena, datum, vrsta) VALUES (18, 1, 17, 4, '2020-10-15', 'писмени задатак');
INSERT INTO ocena (id, id_predmet, id_ucenik, ocena, datum, vrsta) VALUES (19, 1, 18, 4, '2020-10-15', 'писмени задатак');
INSERT INTO ocena (id, id_predmet, id_ucenik, ocena, datum, vrsta) VALUES (20, 1, 19, 5, '2020-10-15', 'писмени задатак');
INSERT INTO ocena (id, id_predmet, id_ucenik, ocena, datum, vrsta) VALUES (21, 1, 20, 2, '2020-10-15', 'писмени задатак');
INSERT INTO ocena (id, id_predmet, id_ucenik, ocena, datum, vrsta) VALUES (22, 1, 21, 1, '2020-10-15', 'писмени задатак');
INSERT INTO ocena (id, id_predmet, id_ucenik, ocena, datum, vrsta) VALUES (24, 1, 23, 3, '2020-10-15', 'писмени задатак');
INSERT INTO ocena (id, id_predmet, id_ucenik, ocena, datum, vrsta) VALUES (25, 1, 24, 4, '2020-10-15', 'писмени задатак');
INSERT INTO ocena (id, id_predmet, id_ucenik, ocena, datum, vrsta) VALUES (26, 1, 25, 2, '2020-10-15', 'писмени задатак');
INSERT INTO ocena (id, id_predmet, id_ucenik, ocena, datum, vrsta) VALUES (27, 1, 26, 5, '2020-10-15', 'писмени задатак');
INSERT INTO ocena (id, id_predmet, id_ucenik, ocena, datum, vrsta) VALUES (28, 1, 27, 1, '2020-10-15', 'писмени задатак');
INSERT INTO ocena (id, id_predmet, id_ucenik, ocena, datum, vrsta) VALUES (29, 1, 28, 2, '2020-10-15', 'писмени задатак');
INSERT INTO ocena (id, id_predmet, id_ucenik, ocena, datum, vrsta) VALUES (30, 1, 29, 1, '2020-10-15', 'писмени задатак');
INSERT INTO ocena (id, id_predmet, id_ucenik, ocena, datum, vrsta) VALUES (31, 1, 30, 3, '2020-10-15', 'писмени задатак');
INSERT INTO ocena (id, id_predmet, id_ucenik, ocena, datum, vrsta) VALUES (32, 1, 31, 3, '2020-10-15', 'писмени задатак');
INSERT INTO ocena (id, id_predmet, id_ucenik, ocena, datum, vrsta) VALUES (33, 1, 32, 4, '2020-10-15', 'писмени задатак');
INSERT INTO ocena (id, id_predmet, id_ucenik, ocena, datum, vrsta) VALUES (35, 1, 34, 4, '2020-10-15', 'писмени задатак');
INSERT INTO ocena (id, id_predmet, id_ucenik, ocena, datum, vrsta) VALUES (36, 1, 35, 1, '2020-10-15', 'писмени задатак');
INSERT INTO ocena (id, id_predmet, id_ucenik, ocena, datum, vrsta) VALUES (37, 1, 36, 4, '2020-10-15', 'писмени задатак');
INSERT INTO ocena (id, id_predmet, id_ucenik, ocena, datum, vrsta) VALUES (38, 1, 37, 5, '2020-10-15', 'писмени задатак');
INSERT INTO ocena (id, id_predmet, id_ucenik, ocena, datum, vrsta) VALUES (39, 1, 6, 4, '2020-10-15', 'писмени задатак');
INSERT INTO ocena (id, id_predmet, id_ucenik, ocena, datum, vrsta) VALUES (40, 1, 7, 1, '2020-10-15', 'писмени задатак');
INSERT INTO ocena (id, id_predmet, id_ucenik, ocena, datum, vrsta) VALUES (41, 1, 12, 2, '2020-10-15', 'писмени задатак');
INSERT INTO ocena (id, id_predmet, id_ucenik, ocena, datum, vrsta) VALUES (42, 1, 38, 2, '2020-10-15', 'писмени задатак');
INSERT INTO ocena (id, id_predmet, id_ucenik, ocena, datum, vrsta) VALUES (43, 1, 39, 5, '2020-10-15', 'писмени задатак');
INSERT INTO ocena (id, id_predmet, id_ucenik, ocena, datum, vrsta) VALUES (44, 1, 40, 5, '2020-10-15', 'писмени задатак');
INSERT INTO ocena (id, id_predmet, id_ucenik, ocena, datum, vrsta) VALUES (45, 1, 41, 3, '2020-10-15', 'писмени задатак');
INSERT INTO ocena (id, id_predmet, id_ucenik, ocena, datum, vrsta) VALUES (46, 1, 42, 4, '2020-10-15', 'писмени задатак');
INSERT INTO ocena (id, id_predmet, id_ucenik, ocena, datum, vrsta) VALUES (47, 1, 43, 5, '2020-10-15', 'писмени задатак');
INSERT INTO ocena (id, id_predmet, id_ucenik, ocena, datum, vrsta) VALUES (48, 1, 44, 2, '2020-10-15', 'писмени задатак');
INSERT INTO ocena (id, id_predmet, id_ucenik, ocena, datum, vrsta) VALUES (49, 1, 45, 5, '2020-10-15', 'писмени задатак');
INSERT INTO ocena (id, id_predmet, id_ucenik, ocena, datum, vrsta) VALUES (50, 1, 46, 4, '2020-10-15', 'писмени задатак');
INSERT INTO ocena (id, id_predmet, id_ucenik, ocena, datum, vrsta) VALUES (51, 1, 47, 5, '2020-10-15', 'писмени задатак');
INSERT INTO ocena (id, id_predmet, id_ucenik, ocena, datum, vrsta) VALUES (52, 1, 48, 3, '2020-10-15', 'писмени задатак');
INSERT INTO ocena (id, id_predmet, id_ucenik, ocena, datum, vrsta) VALUES (53, 1, 49, 5, '2020-10-15', 'писмени задатак');
INSERT INTO ocena (id, id_predmet, id_ucenik, ocena, datum, vrsta) VALUES (54, 1, 50, 4, '2020-10-15', 'писмени задатак');
INSERT INTO ocena (id, id_predmet, id_ucenik, ocena, datum, vrsta) VALUES (55, 1, 51, 1, '2020-10-15', 'писмени задатак');
INSERT INTO ocena (id, id_predmet, id_ucenik, ocena, datum, vrsta) VALUES (56, 1, 52, 4, '2020-10-15', 'писмени задатак');
INSERT INTO ocena (id, id_predmet, id_ucenik, ocena, datum, vrsta) VALUES (57, 1, 53, 1, '2020-10-15', 'писмени задатак');
INSERT INTO ocena (id, id_predmet, id_ucenik, ocena, datum, vrsta) VALUES (58, 1, 54, 1, '2020-10-15', 'писмени задатак');
INSERT INTO ocena (id, id_predmet, id_ucenik, ocena, datum, vrsta) VALUES (59, 1, 55, 3, '2020-10-15', 'писмени задатак');
INSERT INTO ocena (id, id_predmet, id_ucenik, ocena, datum, vrsta) VALUES (60, 1, 56, 4, '2020-10-15', 'писмени задатак');
INSERT INTO ocena (id, id_predmet, id_ucenik, ocena, datum, vrsta) VALUES (61, 1, 57, 2, '2020-10-15', 'писмени задатак');
INSERT INTO ocena (id, id_predmet, id_ucenik, ocena, datum, vrsta) VALUES (62, 1, 58, 4, '2020-10-15', 'писмени задатак');
INSERT INTO ocena (id, id_predmet, id_ucenik, ocena, datum, vrsta) VALUES (63, 1, 59, 5, '2020-10-15', 'писмени задатак');
INSERT INTO ocena (id, id_predmet, id_ucenik, ocena, datum, vrsta) VALUES (64, 1, 60, 4, '2020-10-15', 'писмени задатак');
INSERT INTO ocena (id, id_predmet, id_ucenik, ocena, datum, vrsta) VALUES (65, 1, 61, 2, '2020-10-15', 'писмени задатак');
INSERT INTO ocena (id, id_predmet, id_ucenik, ocena, datum, vrsta) VALUES (66, 1, 62, 1, '2020-10-15', 'писмени задатак');
INSERT INTO ocena (id, id_predmet, id_ucenik, ocena, datum, vrsta) VALUES (67, 1, 63, 4, '2020-10-15', 'писмени задатак');
INSERT INTO ocena (id, id_predmet, id_ucenik, ocena, datum, vrsta) VALUES (68, 1, 64, 1, '2020-10-15', 'писмени задатак');
INSERT INTO ocena (id, id_predmet, id_ucenik, ocena, datum, vrsta) VALUES (69, 1, 65, 5, '2020-10-15', 'писмени задатак');
INSERT INTO ocena (id, id_predmet, id_ucenik, ocena, datum, vrsta) VALUES (70, 1, 66, 5, '2020-10-15', 'писмени задатак');
INSERT INTO ocena (id, id_predmet, id_ucenik, ocena, datum, vrsta) VALUES (71, 1, 67, 5, '2020-10-15', 'писмени задатак');
INSERT INTO ocena (id, id_predmet, id_ucenik, ocena, datum, vrsta) VALUES (72, 1, 68, 2, '2020-10-16', 'писмени задатак');
INSERT INTO ocena (id, id_predmet, id_ucenik, ocena, datum, vrsta) VALUES (73, 1, 69, 5, '2020-10-16', 'писмени задатак');
INSERT INTO ocena (id, id_predmet, id_ucenik, ocena, datum, vrsta) VALUES (74, 1, 70, 1, '2020-10-16', 'писмени задатак');
INSERT INTO ocena (id, id_predmet, id_ucenik, ocena, datum, vrsta) VALUES (75, 1, 71, 5, '2020-10-16', 'писмени задатак');
INSERT INTO ocena (id, id_predmet, id_ucenik, ocena, datum, vrsta) VALUES (76, 1, 72, 2, '2020-10-16', 'писмени задатак');
INSERT INTO ocena (id, id_predmet, id_ucenik, ocena, datum, vrsta) VALUES (77, 1, 73, 5, '2020-10-16', 'писмени задатак');
INSERT INTO ocena (id, id_predmet, id_ucenik, ocena, datum, vrsta) VALUES (78, 1, 74, 4, '2020-10-16', 'писмени задатак');
INSERT INTO ocena (id, id_predmet, id_ucenik, ocena, datum, vrsta) VALUES (79, 1, 75, 4, '2020-10-16', 'писмени задатак');
INSERT INTO ocena (id, id_predmet, id_ucenik, ocena, datum, vrsta) VALUES (80, 1, 76, 4, '2020-10-16', 'писмени задатак');
INSERT INTO ocena (id, id_predmet, id_ucenik, ocena, datum, vrsta) VALUES (81, 1, 77, 2, '2020-10-16', 'писмени задатак');
INSERT INTO ocena (id, id_predmet, id_ucenik, ocena, datum, vrsta) VALUES (82, 1, 78, 1, '2020-10-16', 'писмени задатак');
INSERT INTO ocena (id, id_predmet, id_ucenik, ocena, datum, vrsta) VALUES (83, 1, 79, 2, '2020-10-16', 'писмени задатак');
INSERT INTO ocena (id, id_predmet, id_ucenik, ocena, datum, vrsta) VALUES (84, 1, 80, 2, '2020-10-16', 'писмени задатак');
INSERT INTO ocena (id, id_predmet, id_ucenik, ocena, datum, vrsta) VALUES (85, 1, 81, 1, '2020-10-16', 'писмени задатак');
INSERT INTO ocena (id, id_predmet, id_ucenik, ocena, datum, vrsta) VALUES (86, 1, 82, 3, '2020-10-16', 'писмени задатак');
INSERT INTO ocena (id, id_predmet, id_ucenik, ocena, datum, vrsta) VALUES (87, 1, 83, 5, '2020-10-16', 'писмени задатак');
INSERT INTO ocena (id, id_predmet, id_ucenik, ocena, datum, vrsta) VALUES (88, 1, 84, 1, '2020-10-16', 'писмени задатак');
INSERT INTO ocena (id, id_predmet, id_ucenik, ocena, datum, vrsta) VALUES (89, 1, 85, 5, '2020-10-16', 'писмени задатак');
INSERT INTO ocena (id, id_predmet, id_ucenik, ocena, datum, vrsta) VALUES (90, 1, 86, 2, '2020-10-16', 'писмени задатак');
INSERT INTO ocena (id, id_predmet, id_ucenik, ocena, datum, vrsta) VALUES (91, 1, 87, 3, '2020-10-16', 'писмени задатак');
INSERT INTO ocena (id, id_predmet, id_ucenik, ocena, datum, vrsta) VALUES (92, 1, 88, 2, '2020-10-16', 'писмени задатак');
INSERT INTO ocena (id, id_predmet, id_ucenik, ocena, datum, vrsta) VALUES (93, 1, 89, 1, '2020-10-16', 'писмени задатак');
INSERT INTO ocena (id, id_predmet, id_ucenik, ocena, datum, vrsta) VALUES (94, 1, 90, 2, '2020-10-16', 'писмени задатак');
INSERT INTO ocena (id, id_predmet, id_ucenik, ocena, datum, vrsta) VALUES (95, 1, 91, 2, '2020-10-16', 'писмени задатак');
INSERT INTO ocena (id, id_predmet, id_ucenik, ocena, datum, vrsta) VALUES (96, 1, 92, 5, '2020-10-16', 'писмени задатак');
INSERT INTO ocena (id, id_predmet, id_ucenik, ocena, datum, vrsta) VALUES (97, 1, 93, 3, '2020-10-16', 'писмени задатак');
INSERT INTO ocena (id, id_predmet, id_ucenik, ocena, datum, vrsta) VALUES (98, 1, 94, 4, '2020-10-16', 'писмени задатак');
INSERT INTO ocena (id, id_predmet, id_ucenik, ocena, datum, vrsta) VALUES (99, 1, 95, 4, '2020-10-16', 'писмени задатак');
INSERT INTO ocena (id, id_predmet, id_ucenik, ocena, datum, vrsta) VALUES (100, 1, 96, 4, '2020-10-16', 'писмени задатак');
INSERT INTO ocena (id, id_predmet, id_ucenik, ocena, datum, vrsta) VALUES (101, 1, 1, 2, '2020-11-22', 'контролна вежба');
INSERT INTO ocena (id, id_predmet, id_ucenik, ocena, datum, vrsta) VALUES (102, 1, 2, 5, '2020-11-22', 'контролна вежба');
INSERT INTO ocena (id, id_predmet, id_ucenik, ocena, datum, vrsta) VALUES (103, 1, 3, 5, '2020-11-22', 'контролна вежба');
INSERT INTO ocena (id, id_predmet, id_ucenik, ocena, datum, vrsta) VALUES (104, 1, 13, 5, '2020-11-22', 'контролна вежба');
INSERT INTO ocena (id, id_predmet, id_ucenik, ocena, datum, vrsta) VALUES (105, 1, 14, 3, '2020-11-22', 'контролна вежба');
INSERT INTO ocena (id, id_predmet, id_ucenik, ocena, datum, vrsta) VALUES (106, 1, 15, 5, '2020-11-22', 'контролна вежба');
INSERT INTO ocena (id, id_predmet, id_ucenik, ocena, datum, vrsta) VALUES (107, 1, 16, 1, '2020-11-22', 'контролна вежба');
INSERT INTO ocena (id, id_predmet, id_ucenik, ocena, datum, vrsta) VALUES (108, 1, 17, 3, '2020-11-22', 'контролна вежба');
INSERT INTO ocena (id, id_predmet, id_ucenik, ocena, datum, vrsta) VALUES (109, 1, 18, 1, '2020-11-22', 'контролна вежба');
INSERT INTO ocena (id, id_predmet, id_ucenik, ocena, datum, vrsta) VALUES (110, 1, 19, 5, '2020-11-22', 'контролна вежба');
INSERT INTO ocena (id, id_predmet, id_ucenik, ocena, datum, vrsta) VALUES (111, 1, 20, 4, '2020-11-22', 'контролна вежба');
INSERT INTO ocena (id, id_predmet, id_ucenik, ocena, datum, vrsta) VALUES (112, 1, 21, 1, '2020-11-22', 'контролна вежба');
INSERT INTO ocena (id, id_predmet, id_ucenik, ocena, datum, vrsta) VALUES (114, 1, 23, 2, '2020-11-22', 'контролна вежба');
INSERT INTO ocena (id, id_predmet, id_ucenik, ocena, datum, vrsta) VALUES (115, 1, 24, 5, '2020-11-22', 'контролна вежба');
INSERT INTO ocena (id, id_predmet, id_ucenik, ocena, datum, vrsta) VALUES (116, 1, 25, 5, '2020-11-22', 'контролна вежба');
INSERT INTO ocena (id, id_predmet, id_ucenik, ocena, datum, vrsta) VALUES (117, 1, 26, 5, '2020-11-22', 'контролна вежба');
INSERT INTO ocena (id, id_predmet, id_ucenik, ocena, datum, vrsta) VALUES (118, 1, 27, 5, '2020-11-22', 'контролна вежба');
INSERT INTO ocena (id, id_predmet, id_ucenik, ocena, datum, vrsta) VALUES (119, 1, 28, 2, '2020-11-22', 'контролна вежба');
INSERT INTO ocena (id, id_predmet, id_ucenik, ocena, datum, vrsta) VALUES (120, 1, 29, 1, '2020-11-22', 'контролна вежба');
INSERT INTO ocena (id, id_predmet, id_ucenik, ocena, datum, vrsta) VALUES (121, 1, 30, 4, '2020-11-22', 'контролна вежба');
INSERT INTO ocena (id, id_predmet, id_ucenik, ocena, datum, vrsta) VALUES (122, 1, 31, 5, '2020-11-22', 'контролна вежба');
INSERT INTO ocena (id, id_predmet, id_ucenik, ocena, datum, vrsta) VALUES (123, 1, 32, 3, '2020-11-22', 'контролна вежба');
INSERT INTO ocena (id, id_predmet, id_ucenik, ocena, datum, vrsta) VALUES (124, 1, 33, 5, '2020-11-22', 'контролна вежба');
INSERT INTO ocena (id, id_predmet, id_ucenik, ocena, datum, vrsta) VALUES (125, 1, 34, 5, '2020-11-22', 'контролна вежба');
INSERT INTO ocena (id, id_predmet, id_ucenik, ocena, datum, vrsta) VALUES (126, 1, 35, 3, '2020-11-22', 'контролна вежба');
INSERT INTO ocena (id, id_predmet, id_ucenik, ocena, datum, vrsta) VALUES (127, 1, 36, 2, '2020-11-22', 'контролна вежба');
INSERT INTO ocena (id, id_predmet, id_ucenik, ocena, datum, vrsta) VALUES (128, 1, 37, 3, '2020-11-22', 'контролна вежба');
INSERT INTO ocena (id, id_predmet, id_ucenik, ocena, datum, vrsta) VALUES (129, 1, 6, 2, '2020-11-23', 'контролна вежба');
INSERT INTO ocena (id, id_predmet, id_ucenik, ocena, datum, vrsta) VALUES (130, 1, 7, 5, '2020-11-23', 'контролна вежба');
INSERT INTO ocena (id, id_predmet, id_ucenik, ocena, datum, vrsta) VALUES (131, 1, 12, 3, '2020-11-23', 'контролна вежба');
INSERT INTO ocena (id, id_predmet, id_ucenik, ocena, datum, vrsta) VALUES (132, 1, 38, 1, '2020-11-23', 'контролна вежба');
INSERT INTO ocena (id, id_predmet, id_ucenik, ocena, datum, vrsta) VALUES (133, 1, 39, 4, '2020-11-23', 'контролна вежба');
INSERT INTO ocena (id, id_predmet, id_ucenik, ocena, datum, vrsta) VALUES (134, 1, 40, 5, '2020-11-23', 'контролна вежба');
INSERT INTO ocena (id, id_predmet, id_ucenik, ocena, datum, vrsta) VALUES (135, 1, 41, 3, '2020-11-23', 'контролна вежба');
INSERT INTO ocena (id, id_predmet, id_ucenik, ocena, datum, vrsta) VALUES (136, 1, 42, 2, '2020-11-23', 'контролна вежба');
INSERT INTO ocena (id, id_predmet, id_ucenik, ocena, datum, vrsta) VALUES (137, 1, 43, 4, '2020-11-23', 'контролна вежба');
INSERT INTO ocena (id, id_predmet, id_ucenik, ocena, datum, vrsta) VALUES (138, 1, 44, 4, '2020-11-23', 'контролна вежба');
INSERT INTO ocena (id, id_predmet, id_ucenik, ocena, datum, vrsta) VALUES (139, 1, 45, 5, '2020-11-23', 'контролна вежба');
INSERT INTO ocena (id, id_predmet, id_ucenik, ocena, datum, vrsta) VALUES (140, 1, 46, 5, '2020-11-23', 'контролна вежба');
INSERT INTO ocena (id, id_predmet, id_ucenik, ocena, datum, vrsta) VALUES (141, 1, 47, 5, '2020-11-23', 'контролна вежба');
INSERT INTO ocena (id, id_predmet, id_ucenik, ocena, datum, vrsta) VALUES (142, 1, 48, 5, '2020-11-23', 'контролна вежба');
INSERT INTO ocena (id, id_predmet, id_ucenik, ocena, datum, vrsta) VALUES (143, 1, 49, 5, '2020-11-23', 'контролна вежба');
INSERT INTO ocena (id, id_predmet, id_ucenik, ocena, datum, vrsta) VALUES (144, 1, 50, 4, '2020-11-23', 'контролна вежба');
INSERT INTO ocena (id, id_predmet, id_ucenik, ocena, datum, vrsta) VALUES (145, 1, 51, 3, '2020-11-23', 'контролна вежба');
INSERT INTO ocena (id, id_predmet, id_ucenik, ocena, datum, vrsta) VALUES (146, 1, 52, 3, '2020-11-23', 'контролна вежба');
INSERT INTO ocena (id, id_predmet, id_ucenik, ocena, datum, vrsta) VALUES (147, 1, 53, 1, '2020-11-23', 'контролна вежба');
INSERT INTO ocena (id, id_predmet, id_ucenik, ocena, datum, vrsta) VALUES (148, 1, 54, 3, '2020-11-23', 'контролна вежба');
INSERT INTO ocena (id, id_predmet, id_ucenik, ocena, datum, vrsta) VALUES (149, 1, 55, 3, '2020-11-23', 'контролна вежба');
INSERT INTO ocena (id, id_predmet, id_ucenik, ocena, datum, vrsta) VALUES (150, 1, 56, 1, '2020-11-23', 'контролна вежба');
INSERT INTO ocena (id, id_predmet, id_ucenik, ocena, datum, vrsta) VALUES (151, 1, 57, 5, '2020-11-23', 'контролна вежба');
INSERT INTO ocena (id, id_predmet, id_ucenik, ocena, datum, vrsta) VALUES (152, 1, 58, 3, '2020-11-23', 'контролна вежба');
INSERT INTO ocena (id, id_predmet, id_ucenik, ocena, datum, vrsta) VALUES (153, 1, 59, 3, '2020-11-23', 'контролна вежба');
INSERT INTO ocena (id, id_predmet, id_ucenik, ocena, datum, vrsta) VALUES (154, 1, 60, 2, '2020-11-23', 'контролна вежба');
INSERT INTO ocena (id, id_predmet, id_ucenik, ocena, datum, vrsta) VALUES (155, 1, 61, 2, '2020-11-23', 'контролна вежба');
INSERT INTO ocena (id, id_predmet, id_ucenik, ocena, datum, vrsta) VALUES (156, 1, 62, 3, '2020-11-23', 'контролна вежба');
INSERT INTO ocena (id, id_predmet, id_ucenik, ocena, datum, vrsta) VALUES (157, 1, 63, 5, '2020-11-23', 'контролна вежба');
INSERT INTO ocena (id, id_predmet, id_ucenik, ocena, datum, vrsta) VALUES (158, 1, 64, 1, '2020-11-23', 'контролна вежба');
INSERT INTO ocena (id, id_predmet, id_ucenik, ocena, datum, vrsta) VALUES (159, 1, 65, 2, '2020-11-23', 'контролна вежба');
INSERT INTO ocena (id, id_predmet, id_ucenik, ocena, datum, vrsta) VALUES (160, 1, 66, 1, '2020-11-23', 'контролна вежба');
INSERT INTO ocena (id, id_predmet, id_ucenik, ocena, datum, vrsta) VALUES (161, 1, 67, 3, '2020-11-23', 'контролна вежба');
INSERT INTO ocena (id, id_predmet, id_ucenik, ocena, datum, vrsta) VALUES (162, 1, 68, 2, '2020-11-22', 'контролна вежба');
INSERT INTO ocena (id, id_predmet, id_ucenik, ocena, datum, vrsta) VALUES (163, 1, 69, 4, '2020-11-22', 'контролна вежба');
INSERT INTO ocena (id, id_predmet, id_ucenik, ocena, datum, vrsta) VALUES (164, 1, 70, 5, '2020-11-22', 'контролна вежба');
INSERT INTO ocena (id, id_predmet, id_ucenik, ocena, datum, vrsta) VALUES (165, 1, 71, 3, '2020-11-22', 'контролна вежба');
INSERT INTO ocena (id, id_predmet, id_ucenik, ocena, datum, vrsta) VALUES (166, 1, 72, 4, '2020-11-22', 'контролна вежба');
INSERT INTO ocena (id, id_predmet, id_ucenik, ocena, datum, vrsta) VALUES (167, 1, 73, 4, '2020-11-22', 'контролна вежба');
INSERT INTO ocena (id, id_predmet, id_ucenik, ocena, datum, vrsta) VALUES (168, 1, 74, 5, '2020-11-22', 'контролна вежба');
INSERT INTO ocena (id, id_predmet, id_ucenik, ocena, datum, vrsta) VALUES (169, 1, 75, 1, '2020-11-22', 'контролна вежба');
INSERT INTO ocena (id, id_predmet, id_ucenik, ocena, datum, vrsta) VALUES (170, 1, 76, 1, '2020-11-22', 'контролна вежба');
INSERT INTO ocena (id, id_predmet, id_ucenik, ocena, datum, vrsta) VALUES (171, 1, 77, 3, '2020-11-22', 'контролна вежба');
INSERT INTO ocena (id, id_predmet, id_ucenik, ocena, datum, vrsta) VALUES (172, 1, 78, 1, '2020-11-22', 'контролна вежба');
INSERT INTO ocena (id, id_predmet, id_ucenik, ocena, datum, vrsta) VALUES (173, 1, 79, 3, '2020-11-22', 'контролна вежба');
INSERT INTO ocena (id, id_predmet, id_ucenik, ocena, datum, vrsta) VALUES (174, 1, 80, 2, '2020-11-22', 'контролна вежба');
INSERT INTO ocena (id, id_predmet, id_ucenik, ocena, datum, vrsta) VALUES (175, 1, 81, 3, '2020-11-22', 'контролна вежба');
INSERT INTO ocena (id, id_predmet, id_ucenik, ocena, datum, vrsta) VALUES (176, 1, 82, 1, '2020-11-22', 'контролна вежба');
INSERT INTO ocena (id, id_predmet, id_ucenik, ocena, datum, vrsta) VALUES (177, 1, 83, 2, '2020-11-22', 'контролна вежба');
INSERT INTO ocena (id, id_predmet, id_ucenik, ocena, datum, vrsta) VALUES (178, 1, 84, 4, '2020-11-22', 'контролна вежба');
INSERT INTO ocena (id, id_predmet, id_ucenik, ocena, datum, vrsta) VALUES (179, 1, 85, 1, '2020-11-22', 'контролна вежба');
INSERT INTO ocena (id, id_predmet, id_ucenik, ocena, datum, vrsta) VALUES (180, 1, 86, 1, '2020-11-22', 'контролна вежба');
INSERT INTO ocena (id, id_predmet, id_ucenik, ocena, datum, vrsta) VALUES (181, 1, 87, 4, '2020-11-22', 'контролна вежба');
INSERT INTO ocena (id, id_predmet, id_ucenik, ocena, datum, vrsta) VALUES (182, 1, 88, 4, '2020-11-22', 'контролна вежба');
INSERT INTO ocena (id, id_predmet, id_ucenik, ocena, datum, vrsta) VALUES (183, 1, 89, 2, '2020-11-22', 'контролна вежба');
INSERT INTO ocena (id, id_predmet, id_ucenik, ocena, datum, vrsta) VALUES (184, 1, 90, 2, '2020-11-22', 'контролна вежба');
INSERT INTO ocena (id, id_predmet, id_ucenik, ocena, datum, vrsta) VALUES (185, 1, 91, 1, '2020-11-22', 'контролна вежба');
INSERT INTO ocena (id, id_predmet, id_ucenik, ocena, datum, vrsta) VALUES (186, 1, 92, 1, '2020-11-22', 'контролна вежба');
INSERT INTO ocena (id, id_predmet, id_ucenik, ocena, datum, vrsta) VALUES (187, 1, 93, 5, '2020-11-22', 'контролна вежба');
INSERT INTO ocena (id, id_predmet, id_ucenik, ocena, datum, vrsta) VALUES (188, 1, 94, 2, '2020-11-22', 'контролна вежба');
INSERT INTO ocena (id, id_predmet, id_ucenik, ocena, datum, vrsta) VALUES (189, 1, 95, 3, '2020-11-22', 'контролна вежба');
INSERT INTO ocena (id, id_predmet, id_ucenik, ocena, datum, vrsta) VALUES (190, 1, 96, 2, '2020-11-22', 'контролна вежба');
INSERT INTO ocena (id, id_predmet, id_ucenik, ocena, datum, vrsta) VALUES (191, 3, 68, 3, '2020-11-15', 'контролна вежба');
INSERT INTO ocena (id, id_predmet, id_ucenik, ocena, datum, vrsta) VALUES (192, 3, 69, 5, '2020-11-15', 'контролна вежба');
INSERT INTO ocena (id, id_predmet, id_ucenik, ocena, datum, vrsta) VALUES (193, 3, 70, 3, '2020-11-15', 'контролна вежба');
INSERT INTO ocena (id, id_predmet, id_ucenik, ocena, datum, vrsta) VALUES (194, 3, 71, 2, '2020-11-15', 'контролна вежба');
INSERT INTO ocena (id, id_predmet, id_ucenik, ocena, datum, vrsta) VALUES (195, 3, 72, 5, '2020-11-15', 'контролна вежба');
INSERT INTO ocena (id, id_predmet, id_ucenik, ocena, datum, vrsta) VALUES (196, 3, 73, 5, '2020-11-15', 'контролна вежба');
INSERT INTO ocena (id, id_predmet, id_ucenik, ocena, datum, vrsta) VALUES (197, 3, 74, 4, '2020-11-15', 'контролна вежба');
INSERT INTO ocena (id, id_predmet, id_ucenik, ocena, datum, vrsta) VALUES (198, 3, 75, 2, '2020-11-15', 'контролна вежба');
INSERT INTO ocena (id, id_predmet, id_ucenik, ocena, datum, vrsta) VALUES (199, 3, 76, 3, '2020-11-15', 'контролна вежба');
INSERT INTO ocena (id, id_predmet, id_ucenik, ocena, datum, vrsta) VALUES (200, 3, 77, 5, '2020-11-15', 'контролна вежба');
INSERT INTO ocena (id, id_predmet, id_ucenik, ocena, datum, vrsta) VALUES (201, 3, 78, 2, '2020-11-15', 'контролна вежба');
INSERT INTO ocena (id, id_predmet, id_ucenik, ocena, datum, vrsta) VALUES (202, 3, 79, 4, '2020-11-15', 'контролна вежба');
INSERT INTO ocena (id, id_predmet, id_ucenik, ocena, datum, vrsta) VALUES (203, 3, 80, 3, '2020-11-15', 'контролна вежба');
INSERT INTO ocena (id, id_predmet, id_ucenik, ocena, datum, vrsta) VALUES (204, 3, 81, 5, '2020-11-15', 'контролна вежба');
INSERT INTO ocena (id, id_predmet, id_ucenik, ocena, datum, vrsta) VALUES (205, 3, 82, 3, '2020-11-15', 'контролна вежба');
INSERT INTO ocena (id, id_predmet, id_ucenik, ocena, datum, vrsta) VALUES (206, 3, 83, 5, '2020-11-15', 'контролна вежба');
INSERT INTO ocena (id, id_predmet, id_ucenik, ocena, datum, vrsta) VALUES (207, 3, 84, 4, '2020-11-15', 'контролна вежба');
INSERT INTO ocena (id, id_predmet, id_ucenik, ocena, datum, vrsta) VALUES (208, 3, 85, 3, '2020-11-15', 'контролна вежба');
INSERT INTO ocena (id, id_predmet, id_ucenik, ocena, datum, vrsta) VALUES (209, 3, 86, 2, '2020-11-15', 'контролна вежба');
INSERT INTO ocena (id, id_predmet, id_ucenik, ocena, datum, vrsta) VALUES (210, 3, 87, 2, '2020-11-15', 'контролна вежба');
INSERT INTO ocena (id, id_predmet, id_ucenik, ocena, datum, vrsta) VALUES (211, 3, 88, 3, '2020-11-15', 'контролна вежба');
INSERT INTO ocena (id, id_predmet, id_ucenik, ocena, datum, vrsta) VALUES (212, 3, 89, 3, '2020-11-15', 'контролна вежба');
INSERT INTO ocena (id, id_predmet, id_ucenik, ocena, datum, vrsta) VALUES (213, 3, 90, 2, '2020-11-15', 'контролна вежба');
INSERT INTO ocena (id, id_predmet, id_ucenik, ocena, datum, vrsta) VALUES (214, 3, 91, 4, '2020-11-15', 'контролна вежба');
INSERT INTO ocena (id, id_predmet, id_ucenik, ocena, datum, vrsta) VALUES (215, 3, 92, 4, '2020-11-15', 'контролна вежба');
INSERT INTO ocena (id, id_predmet, id_ucenik, ocena, datum, vrsta) VALUES (216, 3, 93, 4, '2020-11-15', 'контролна вежба');
INSERT INTO ocena (id, id_predmet, id_ucenik, ocena, datum, vrsta) VALUES (217, 3, 94, 2, '2020-11-15', 'контролна вежба');
INSERT INTO ocena (id, id_predmet, id_ucenik, ocena, datum, vrsta) VALUES (218, 3, 95, 2, '2020-11-15', 'контролна вежба');
INSERT INTO ocena (id, id_predmet, id_ucenik, ocena, datum, vrsta) VALUES (219, 3, 96, 5, '2020-11-15', 'контролна вежба');
INSERT INTO ocena (id, id_predmet, id_ucenik, ocena, datum, vrsta) VALUES (220, 3, 6, 2, '2020-11-15', 'контролна вежба');
INSERT INTO ocena (id, id_predmet, id_ucenik, ocena, datum, vrsta) VALUES (221, 3, 7, 5, '2020-11-15', 'контролна вежба');
INSERT INTO ocena (id, id_predmet, id_ucenik, ocena, datum, vrsta) VALUES (222, 3, 12, 2, '2020-11-15', 'контролна вежба');
INSERT INTO ocena (id, id_predmet, id_ucenik, ocena, datum, vrsta) VALUES (223, 3, 38, 3, '2020-11-15', 'контролна вежба');
INSERT INTO ocena (id, id_predmet, id_ucenik, ocena, datum, vrsta) VALUES (224, 3, 39, 2, '2020-11-15', 'контролна вежба');
INSERT INTO ocena (id, id_predmet, id_ucenik, ocena, datum, vrsta) VALUES (225, 3, 40, 2, '2020-11-15', 'контролна вежба');
INSERT INTO ocena (id, id_predmet, id_ucenik, ocena, datum, vrsta) VALUES (226, 3, 41, 3, '2020-11-15', 'контролна вежба');
INSERT INTO ocena (id, id_predmet, id_ucenik, ocena, datum, vrsta) VALUES (227, 3, 42, 2, '2020-11-15', 'контролна вежба');
INSERT INTO ocena (id, id_predmet, id_ucenik, ocena, datum, vrsta) VALUES (228, 3, 43, 4, '2020-11-15', 'контролна вежба');
INSERT INTO ocena (id, id_predmet, id_ucenik, ocena, datum, vrsta) VALUES (229, 3, 44, 2, '2020-11-15', 'контролна вежба');
INSERT INTO ocena (id, id_predmet, id_ucenik, ocena, datum, vrsta) VALUES (230, 3, 45, 4, '2020-11-15', 'контролна вежба');
INSERT INTO ocena (id, id_predmet, id_ucenik, ocena, datum, vrsta) VALUES (231, 3, 46, 3, '2020-11-15', 'контролна вежба');
INSERT INTO ocena (id, id_predmet, id_ucenik, ocena, datum, vrsta) VALUES (232, 3, 47, 2, '2020-11-15', 'контролна вежба');
INSERT INTO ocena (id, id_predmet, id_ucenik, ocena, datum, vrsta) VALUES (233, 3, 48, 2, '2020-11-15', 'контролна вежба');
INSERT INTO ocena (id, id_predmet, id_ucenik, ocena, datum, vrsta) VALUES (234, 3, 49, 5, '2020-11-15', 'контролна вежба');
INSERT INTO ocena (id, id_predmet, id_ucenik, ocena, datum, vrsta) VALUES (235, 3, 50, 2, '2020-11-15', 'контролна вежба');
INSERT INTO ocena (id, id_predmet, id_ucenik, ocena, datum, vrsta) VALUES (236, 3, 51, 4, '2020-11-15', 'контролна вежба');
INSERT INTO ocena (id, id_predmet, id_ucenik, ocena, datum, vrsta) VALUES (237, 3, 52, 3, '2020-11-15', 'контролна вежба');
INSERT INTO ocena (id, id_predmet, id_ucenik, ocena, datum, vrsta) VALUES (238, 3, 53, 2, '2020-11-15', 'контролна вежба');
INSERT INTO ocena (id, id_predmet, id_ucenik, ocena, datum, vrsta) VALUES (239, 3, 54, 5, '2020-11-15', 'контролна вежба');
INSERT INTO ocena (id, id_predmet, id_ucenik, ocena, datum, vrsta) VALUES (240, 3, 55, 2, '2020-11-15', 'контролна вежба');
INSERT INTO ocena (id, id_predmet, id_ucenik, ocena, datum, vrsta) VALUES (241, 3, 56, 5, '2020-11-15', 'контролна вежба');
INSERT INTO ocena (id, id_predmet, id_ucenik, ocena, datum, vrsta) VALUES (242, 3, 57, 3, '2020-11-15', 'контролна вежба');
INSERT INTO ocena (id, id_predmet, id_ucenik, ocena, datum, vrsta) VALUES (243, 3, 58, 5, '2020-11-15', 'контролна вежба');
INSERT INTO ocena (id, id_predmet, id_ucenik, ocena, datum, vrsta) VALUES (244, 3, 59, 3, '2020-11-15', 'контролна вежба');
INSERT INTO ocena (id, id_predmet, id_ucenik, ocena, datum, vrsta) VALUES (245, 3, 60, 4, '2020-11-15', 'контролна вежба');
INSERT INTO ocena (id, id_predmet, id_ucenik, ocena, datum, vrsta) VALUES (246, 3, 61, 4, '2020-11-15', 'контролна вежба');
INSERT INTO ocena (id, id_predmet, id_ucenik, ocena, datum, vrsta) VALUES (247, 3, 62, 5, '2020-11-15', 'контролна вежба');
INSERT INTO ocena (id, id_predmet, id_ucenik, ocena, datum, vrsta) VALUES (248, 3, 63, 4, '2020-11-15', 'контролна вежба');
INSERT INTO ocena (id, id_predmet, id_ucenik, ocena, datum, vrsta) VALUES (249, 3, 64, 4, '2020-11-15', 'контролна вежба');
INSERT INTO ocena (id, id_predmet, id_ucenik, ocena, datum, vrsta) VALUES (250, 3, 65, 3, '2020-11-15', 'контролна вежба');
INSERT INTO ocena (id, id_predmet, id_ucenik, ocena, datum, vrsta) VALUES (251, 3, 66, 3, '2020-11-15', 'контролна вежба');
INSERT INTO ocena (id, id_predmet, id_ucenik, ocena, datum, vrsta) VALUES (252, 3, 67, 5, '2020-11-15', 'контролна вежба');
INSERT INTO ocena (id, id_predmet, id_ucenik, ocena, datum, vrsta) VALUES (254, 3, 69, 4, '2020-11-15', 'контролна вежба');
INSERT INTO ocena (id, id_predmet, id_ucenik, ocena, datum, vrsta) VALUES (255, 3, 70, 5, '2020-11-15', 'контролна вежба');
INSERT INTO ocena (id, id_predmet, id_ucenik, ocena, datum, vrsta) VALUES (256, 3, 71, 5, '2020-11-15', 'контролна вежба');
INSERT INTO ocena (id, id_predmet, id_ucenik, ocena, datum, vrsta) VALUES (257, 3, 72, 4, '2020-11-15', 'контролна вежба');
INSERT INTO ocena (id, id_predmet, id_ucenik, ocena, datum, vrsta) VALUES (259, 3, 74, 5, '2020-11-15', 'контролна вежба');
INSERT INTO ocena (id, id_predmet, id_ucenik, ocena, datum, vrsta) VALUES (260, 3, 75, 3, '2020-11-15', 'контролна вежба');
INSERT INTO ocena (id, id_predmet, id_ucenik, ocena, datum, vrsta) VALUES (261, 3, 76, 2, '2020-11-15', 'контролна вежба');
INSERT INTO ocena (id, id_predmet, id_ucenik, ocena, datum, vrsta) VALUES (262, 3, 77, 3, '2020-11-15', 'контролна вежба');
INSERT INTO ocena (id, id_predmet, id_ucenik, ocena, datum, vrsta) VALUES (263, 3, 78, 4, '2020-11-15', 'контролна вежба');
INSERT INTO ocena (id, id_predmet, id_ucenik, ocena, datum, vrsta) VALUES (264, 3, 79, 2, '2020-11-15', 'контролна вежба');
INSERT INTO ocena (id, id_predmet, id_ucenik, ocena, datum, vrsta) VALUES (265, 3, 80, 3, '2020-11-15', 'контролна вежба');
INSERT INTO ocena (id, id_predmet, id_ucenik, ocena, datum, vrsta) VALUES (266, 3, 81, 3, '2020-11-15', 'контролна вежба');
INSERT INTO ocena (id, id_predmet, id_ucenik, ocena, datum, vrsta) VALUES (267, 3, 82, 3, '2020-11-15', 'контролна вежба');
INSERT INTO ocena (id, id_predmet, id_ucenik, ocena, datum, vrsta) VALUES (268, 3, 83, 5, '2020-11-15', 'контролна вежба');
INSERT INTO ocena (id, id_predmet, id_ucenik, ocena, datum, vrsta) VALUES (269, 3, 84, 5, '2020-11-15', 'контролна вежба');
INSERT INTO ocena (id, id_predmet, id_ucenik, ocena, datum, vrsta) VALUES (270, 3, 85, 2, '2020-11-15', 'контролна вежба');
INSERT INTO ocena (id, id_predmet, id_ucenik, ocena, datum, vrsta) VALUES (271, 3, 86, 3, '2020-11-15', 'контролна вежба');
INSERT INTO ocena (id, id_predmet, id_ucenik, ocena, datum, vrsta) VALUES (272, 3, 87, 2, '2020-11-15', 'контролна вежба');
INSERT INTO ocena (id, id_predmet, id_ucenik, ocena, datum, vrsta) VALUES (273, 3, 88, 2, '2020-11-15', 'контролна вежба');
INSERT INTO ocena (id, id_predmet, id_ucenik, ocena, datum, vrsta) VALUES (274, 3, 89, 4, '2020-11-15', 'контролна вежба');
INSERT INTO ocena (id, id_predmet, id_ucenik, ocena, datum, vrsta) VALUES (275, 3, 90, 2, '2020-11-15', 'контролна вежба');
INSERT INTO ocena (id, id_predmet, id_ucenik, ocena, datum, vrsta) VALUES (276, 3, 91, 3, '2020-11-15', 'контролна вежба');
INSERT INTO ocena (id, id_predmet, id_ucenik, ocena, datum, vrsta) VALUES (277, 3, 92, 5, '2020-11-15', 'контролна вежба');
INSERT INTO ocena (id, id_predmet, id_ucenik, ocena, datum, vrsta) VALUES (278, 3, 93, 2, '2020-11-15', 'контролна вежба');
INSERT INTO ocena (id, id_predmet, id_ucenik, ocena, datum, vrsta) VALUES (280, 3, 95, 4, '2020-11-15', 'контролна вежба');
INSERT INTO ocena (id, id_predmet, id_ucenik, ocena, datum, vrsta) VALUES (281, 3, 96, 5, '2020-11-15', 'контролна вежба');
INSERT INTO ocena (id, id_predmet, id_ucenik, ocena, datum, vrsta) VALUES (282, 2, 1, 4, '2020-11-23', 'контролна вежба');
INSERT INTO ocena (id, id_predmet, id_ucenik, ocena, datum, vrsta) VALUES (283, 2, 2, 5, '2020-11-23', 'контролна вежба');
INSERT INTO ocena (id, id_predmet, id_ucenik, ocena, datum, vrsta) VALUES (284, 2, 3, 3, '2020-11-23', 'контролна вежба');
INSERT INTO ocena (id, id_predmet, id_ucenik, ocena, datum, vrsta) VALUES (285, 2, 13, 4, '2020-11-23', 'контролна вежба');
INSERT INTO ocena (id, id_predmet, id_ucenik, ocena, datum, vrsta) VALUES (286, 2, 14, 3, '2020-11-23', 'контролна вежба');
INSERT INTO ocena (id, id_predmet, id_ucenik, ocena, datum, vrsta) VALUES (287, 2, 15, 3, '2020-11-23', 'контролна вежба');
INSERT INTO ocena (id, id_predmet, id_ucenik, ocena, datum, vrsta) VALUES (288, 2, 16, 5, '2020-11-23', 'контролна вежба');
INSERT INTO ocena (id, id_predmet, id_ucenik, ocena, datum, vrsta) VALUES (289, 2, 17, 3, '2020-11-23', 'контролна вежба');
INSERT INTO ocena (id, id_predmet, id_ucenik, ocena, datum, vrsta) VALUES (290, 2, 18, 2, '2020-11-23', 'контролна вежба');
INSERT INTO ocena (id, id_predmet, id_ucenik, ocena, datum, vrsta) VALUES (291, 2, 19, 3, '2020-11-23', 'контролна вежба');
INSERT INTO ocena (id, id_predmet, id_ucenik, ocena, datum, vrsta) VALUES (292, 2, 20, 2, '2020-11-23', 'контролна вежба');
INSERT INTO ocena (id, id_predmet, id_ucenik, ocena, datum, vrsta) VALUES (293, 2, 21, 5, '2020-11-23', 'контролна вежба');
INSERT INTO ocena (id, id_predmet, id_ucenik, ocena, datum, vrsta) VALUES (294, 2, 22, 2, '2020-11-23', 'контролна вежба');
INSERT INTO ocena (id, id_predmet, id_ucenik, ocena, datum, vrsta) VALUES (295, 2, 23, 2, '2020-11-23', 'контролна вежба');
INSERT INTO ocena (id, id_predmet, id_ucenik, ocena, datum, vrsta) VALUES (296, 2, 24, 5, '2020-11-23', 'контролна вежба');
INSERT INTO ocena (id, id_predmet, id_ucenik, ocena, datum, vrsta) VALUES (297, 2, 25, 2, '2020-11-23', 'контролна вежба');
INSERT INTO ocena (id, id_predmet, id_ucenik, ocena, datum, vrsta) VALUES (298, 2, 26, 2, '2020-11-23', 'контролна вежба');
INSERT INTO ocena (id, id_predmet, id_ucenik, ocena, datum, vrsta) VALUES (299, 2, 27, 2, '2020-11-23', 'контролна вежба');
INSERT INTO ocena (id, id_predmet, id_ucenik, ocena, datum, vrsta) VALUES (300, 2, 28, 3, '2020-11-23', 'контролна вежба');
INSERT INTO ocena (id, id_predmet, id_ucenik, ocena, datum, vrsta) VALUES (301, 2, 29, 5, '2020-11-23', 'контролна вежба');
INSERT INTO ocena (id, id_predmet, id_ucenik, ocena, datum, vrsta) VALUES (302, 2, 30, 3, '2020-11-23', 'контролна вежба');
INSERT INTO ocena (id, id_predmet, id_ucenik, ocena, datum, vrsta) VALUES (303, 2, 31, 5, '2020-11-23', 'контролна вежба');
INSERT INTO ocena (id, id_predmet, id_ucenik, ocena, datum, vrsta) VALUES (304, 2, 32, 5, '2020-11-23', 'контролна вежба');
INSERT INTO ocena (id, id_predmet, id_ucenik, ocena, datum, vrsta) VALUES (305, 2, 33, 3, '2020-11-23', 'контролна вежба');
INSERT INTO ocena (id, id_predmet, id_ucenik, ocena, datum, vrsta) VALUES (306, 2, 34, 2, '2020-11-23', 'контролна вежба');
INSERT INTO ocena (id, id_predmet, id_ucenik, ocena, datum, vrsta) VALUES (307, 2, 35, 3, '2020-11-23', 'контролна вежба');
INSERT INTO ocena (id, id_predmet, id_ucenik, ocena, datum, vrsta) VALUES (308, 2, 36, 2, '2020-11-23', 'контролна вежба');
INSERT INTO ocena (id, id_predmet, id_ucenik, ocena, datum, vrsta) VALUES (309, 2, 37, 2, '2020-11-23', 'контролна вежба');
INSERT INTO ocena (id, id_predmet, id_ucenik, ocena, datum, vrsta) VALUES (310, 2, 6, 4, '2020-11-23', 'контролна вежба');
INSERT INTO ocena (id, id_predmet, id_ucenik, ocena, datum, vrsta) VALUES (311, 2, 7, 5, '2020-11-23', 'контролна вежба');
INSERT INTO ocena (id, id_predmet, id_ucenik, ocena, datum, vrsta) VALUES (312, 2, 12, 3, '2020-11-23', 'контролна вежба');
INSERT INTO ocena (id, id_predmet, id_ucenik, ocena, datum, vrsta) VALUES (313, 2, 38, 2, '2020-11-23', 'контролна вежба');
INSERT INTO ocena (id, id_predmet, id_ucenik, ocena, datum, vrsta) VALUES (314, 2, 39, 2, '2020-11-23', 'контролна вежба');
INSERT INTO ocena (id, id_predmet, id_ucenik, ocena, datum, vrsta) VALUES (315, 2, 40, 3, '2020-11-23', 'контролна вежба');
INSERT INTO ocena (id, id_predmet, id_ucenik, ocena, datum, vrsta) VALUES (316, 2, 41, 3, '2020-11-23', 'контролна вежба');
INSERT INTO ocena (id, id_predmet, id_ucenik, ocena, datum, vrsta) VALUES (317, 2, 42, 5, '2020-11-23', 'контролна вежба');
INSERT INTO ocena (id, id_predmet, id_ucenik, ocena, datum, vrsta) VALUES (318, 2, 43, 5, '2020-11-23', 'контролна вежба');
INSERT INTO ocena (id, id_predmet, id_ucenik, ocena, datum, vrsta) VALUES (319, 2, 44, 2, '2020-11-23', 'контролна вежба');
INSERT INTO ocena (id, id_predmet, id_ucenik, ocena, datum, vrsta) VALUES (320, 2, 45, 4, '2020-11-23', 'контролна вежба');
INSERT INTO ocena (id, id_predmet, id_ucenik, ocena, datum, vrsta) VALUES (321, 2, 46, 5, '2020-11-23', 'контролна вежба');
INSERT INTO ocena (id, id_predmet, id_ucenik, ocena, datum, vrsta) VALUES (322, 2, 47, 3, '2020-11-23', 'контролна вежба');
INSERT INTO ocena (id, id_predmet, id_ucenik, ocena, datum, vrsta) VALUES (323, 2, 48, 3, '2020-11-23', 'контролна вежба');
INSERT INTO ocena (id, id_predmet, id_ucenik, ocena, datum, vrsta) VALUES (324, 2, 49, 3, '2020-11-23', 'контролна вежба');
INSERT INTO ocena (id, id_predmet, id_ucenik, ocena, datum, vrsta) VALUES (325, 2, 50, 4, '2020-11-23', 'контролна вежба');
INSERT INTO ocena (id, id_predmet, id_ucenik, ocena, datum, vrsta) VALUES (326, 2, 51, 5, '2020-11-23', 'контролна вежба');
INSERT INTO ocena (id, id_predmet, id_ucenik, ocena, datum, vrsta) VALUES (327, 2, 52, 4, '2020-11-23', 'контролна вежба');
INSERT INTO ocena (id, id_predmet, id_ucenik, ocena, datum, vrsta) VALUES (328, 2, 53, 2, '2020-11-23', 'контролна вежба');
INSERT INTO ocena (id, id_predmet, id_ucenik, ocena, datum, vrsta) VALUES (329, 2, 54, 4, '2020-11-23', 'контролна вежба');
INSERT INTO ocena (id, id_predmet, id_ucenik, ocena, datum, vrsta) VALUES (330, 2, 55, 4, '2020-11-23', 'контролна вежба');
INSERT INTO ocena (id, id_predmet, id_ucenik, ocena, datum, vrsta) VALUES (331, 2, 56, 3, '2020-11-23', 'контролна вежба');
INSERT INTO ocena (id, id_predmet, id_ucenik, ocena, datum, vrsta) VALUES (332, 2, 57, 2, '2020-11-23', 'контролна вежба');
INSERT INTO ocena (id, id_predmet, id_ucenik, ocena, datum, vrsta) VALUES (333, 2, 58, 3, '2020-11-23', 'контролна вежба');
INSERT INTO ocena (id, id_predmet, id_ucenik, ocena, datum, vrsta) VALUES (334, 2, 59, 3, '2020-11-23', 'контролна вежба');
INSERT INTO ocena (id, id_predmet, id_ucenik, ocena, datum, vrsta) VALUES (335, 2, 60, 2, '2020-11-23', 'контролна вежба');
INSERT INTO ocena (id, id_predmet, id_ucenik, ocena, datum, vrsta) VALUES (336, 2, 61, 5, '2020-11-23', 'контролна вежба');
INSERT INTO ocena (id, id_predmet, id_ucenik, ocena, datum, vrsta) VALUES (337, 2, 62, 4, '2020-11-23', 'контролна вежба');
INSERT INTO ocena (id, id_predmet, id_ucenik, ocena, datum, vrsta) VALUES (338, 2, 63, 4, '2020-11-23', 'контролна вежба');
INSERT INTO ocena (id, id_predmet, id_ucenik, ocena, datum, vrsta) VALUES (339, 2, 64, 4, '2020-11-23', 'контролна вежба');
INSERT INTO ocena (id, id_predmet, id_ucenik, ocena, datum, vrsta) VALUES (340, 2, 65, 4, '2020-11-23', 'контролна вежба');
INSERT INTO ocena (id, id_predmet, id_ucenik, ocena, datum, vrsta) VALUES (341, 2, 66, 2, '2020-11-23', 'контролна вежба');
INSERT INTO ocena (id, id_predmet, id_ucenik, ocena, datum, vrsta) VALUES (342, 2, 67, 3, '2020-11-23', 'контролна вежба');
INSERT INTO ocena (id, id_predmet, id_ucenik, ocena, datum, vrsta) VALUES (343, 2, 68, 3, '2020-11-23', 'контролна вежба');
INSERT INTO ocena (id, id_predmet, id_ucenik, ocena, datum, vrsta) VALUES (344, 2, 69, 5, '2020-11-23', 'контролна вежба');
INSERT INTO ocena (id, id_predmet, id_ucenik, ocena, datum, vrsta) VALUES (345, 2, 70, 2, '2020-11-23', 'контролна вежба');
INSERT INTO ocena (id, id_predmet, id_ucenik, ocena, datum, vrsta) VALUES (346, 2, 71, 5, '2020-11-23', 'контролна вежба');
INSERT INTO ocena (id, id_predmet, id_ucenik, ocena, datum, vrsta) VALUES (347, 2, 72, 5, '2020-11-23', 'контролна вежба');
INSERT INTO ocena (id, id_predmet, id_ucenik, ocena, datum, vrsta) VALUES (348, 2, 73, 4, '2020-11-23', 'контролна вежба');
INSERT INTO ocena (id, id_predmet, id_ucenik, ocena, datum, vrsta) VALUES (349, 2, 74, 2, '2020-11-23', 'контролна вежба');
INSERT INTO ocena (id, id_predmet, id_ucenik, ocena, datum, vrsta) VALUES (350, 2, 75, 4, '2020-11-23', 'контролна вежба');
INSERT INTO ocena (id, id_predmet, id_ucenik, ocena, datum, vrsta) VALUES (351, 2, 76, 5, '2020-11-23', 'контролна вежба');
INSERT INTO ocena (id, id_predmet, id_ucenik, ocena, datum, vrsta) VALUES (352, 2, 77, 2, '2020-11-23', 'контролна вежба');
INSERT INTO ocena (id, id_predmet, id_ucenik, ocena, datum, vrsta) VALUES (353, 2, 78, 5, '2020-11-23', 'контролна вежба');
INSERT INTO ocena (id, id_predmet, id_ucenik, ocena, datum, vrsta) VALUES (354, 2, 79, 3, '2020-11-23', 'контролна вежба');
INSERT INTO ocena (id, id_predmet, id_ucenik, ocena, datum, vrsta) VALUES (355, 2, 80, 2, '2020-11-23', 'контролна вежба');
INSERT INTO ocena (id, id_predmet, id_ucenik, ocena, datum, vrsta) VALUES (356, 2, 81, 5, '2020-11-23', 'контролна вежба');
INSERT INTO ocena (id, id_predmet, id_ucenik, ocena, datum, vrsta) VALUES (357, 2, 82, 4, '2020-11-23', 'контролна вежба');
INSERT INTO ocena (id, id_predmet, id_ucenik, ocena, datum, vrsta) VALUES (358, 2, 83, 5, '2020-11-23', 'контролна вежба');
INSERT INTO ocena (id, id_predmet, id_ucenik, ocena, datum, vrsta) VALUES (359, 2, 84, 2, '2020-11-23', 'контролна вежба');
INSERT INTO ocena (id, id_predmet, id_ucenik, ocena, datum, vrsta) VALUES (360, 2, 85, 5, '2020-11-23', 'контролна вежба');
INSERT INTO ocena (id, id_predmet, id_ucenik, ocena, datum, vrsta) VALUES (361, 2, 86, 5, '2020-11-23', 'контролна вежба');
INSERT INTO ocena (id, id_predmet, id_ucenik, ocena, datum, vrsta) VALUES (362, 2, 87, 3, '2020-11-23', 'контролна вежба');
INSERT INTO ocena (id, id_predmet, id_ucenik, ocena, datum, vrsta) VALUES (363, 2, 88, 4, '2020-11-23', 'контролна вежба');
INSERT INTO ocena (id, id_predmet, id_ucenik, ocena, datum, vrsta) VALUES (364, 2, 89, 4, '2020-11-23', 'контролна вежба');
INSERT INTO ocena (id, id_predmet, id_ucenik, ocena, datum, vrsta) VALUES (365, 2, 90, 5, '2020-11-23', 'контролна вежба');
INSERT INTO ocena (id, id_predmet, id_ucenik, ocena, datum, vrsta) VALUES (366, 2, 91, 3, '2020-11-23', 'контролна вежба');
INSERT INTO ocena (id, id_predmet, id_ucenik, ocena, datum, vrsta) VALUES (367, 2, 92, 2, '2020-11-23', 'контролна вежба');
INSERT INTO ocena (id, id_predmet, id_ucenik, ocena, datum, vrsta) VALUES (368, 2, 93, 5, '2020-11-23', 'контролна вежба');
INSERT INTO ocena (id, id_predmet, id_ucenik, ocena, datum, vrsta) VALUES (369, 2, 94, 4, '2020-11-23', 'контролна вежба');
INSERT INTO ocena (id, id_predmet, id_ucenik, ocena, datum, vrsta) VALUES (370, 2, 95, 3, '2020-11-23', 'контролна вежба');
INSERT INTO ocena (id, id_predmet, id_ucenik, ocena, datum, vrsta) VALUES (371, 2, 96, 5, '2020-11-23', 'контролна вежба');
INSERT INTO ocena (id, id_predmet, id_ucenik, ocena, datum, vrsta) VALUES (372, 2, 1, 5, '2020-12-03', 'писмени задатак');
INSERT INTO ocena (id, id_predmet, id_ucenik, ocena, datum, vrsta) VALUES (373, 2, 2, 3, '2020-12-03', 'писмени задатак');
INSERT INTO ocena (id, id_predmet, id_ucenik, ocena, datum, vrsta) VALUES (374, 2, 3, 5, '2020-12-03', 'писмени задатак');
INSERT INTO ocena (id, id_predmet, id_ucenik, ocena, datum, vrsta) VALUES (375, 2, 13, 4, '2020-12-03', 'писмени задатак');
INSERT INTO ocena (id, id_predmet, id_ucenik, ocena, datum, vrsta) VALUES (376, 2, 14, 5, '2020-12-03', 'писмени задатак');
INSERT INTO ocena (id, id_predmet, id_ucenik, ocena, datum, vrsta) VALUES (377, 2, 15, 4, '2020-12-03', 'писмени задатак');
INSERT INTO ocena (id, id_predmet, id_ucenik, ocena, datum, vrsta) VALUES (378, 2, 16, 3, '2020-12-03', 'писмени задатак');
INSERT INTO ocena (id, id_predmet, id_ucenik, ocena, datum, vrsta) VALUES (379, 2, 17, 4, '2020-12-03', 'писмени задатак');
INSERT INTO ocena (id, id_predmet, id_ucenik, ocena, datum, vrsta) VALUES (380, 2, 18, 3, '2020-12-03', 'писмени задатак');
INSERT INTO ocena (id, id_predmet, id_ucenik, ocena, datum, vrsta) VALUES (381, 2, 19, 4, '2020-12-03', 'писмени задатак');
INSERT INTO ocena (id, id_predmet, id_ucenik, ocena, datum, vrsta) VALUES (382, 2, 20, 5, '2020-12-03', 'писмени задатак');
INSERT INTO ocena (id, id_predmet, id_ucenik, ocena, datum, vrsta) VALUES (383, 2, 21, 5, '2020-12-03', 'писмени задатак');
INSERT INTO ocena (id, id_predmet, id_ucenik, ocena, datum, vrsta) VALUES (384, 2, 22, 3, '2020-12-03', 'писмени задатак');
INSERT INTO ocena (id, id_predmet, id_ucenik, ocena, datum, vrsta) VALUES (385, 2, 23, 3, '2020-12-03', 'писмени задатак');
INSERT INTO ocena (id, id_predmet, id_ucenik, ocena, datum, vrsta) VALUES (386, 2, 24, 5, '2020-12-03', 'писмени задатак');
INSERT INTO ocena (id, id_predmet, id_ucenik, ocena, datum, vrsta) VALUES (387, 2, 25, 5, '2020-12-03', 'писмени задатак');
INSERT INTO ocena (id, id_predmet, id_ucenik, ocena, datum, vrsta) VALUES (388, 2, 26, 3, '2020-12-03', 'писмени задатак');
INSERT INTO ocena (id, id_predmet, id_ucenik, ocena, datum, vrsta) VALUES (389, 2, 27, 4, '2020-12-03', 'писмени задатак');
INSERT INTO ocena (id, id_predmet, id_ucenik, ocena, datum, vrsta) VALUES (390, 2, 28, 5, '2020-12-03', 'писмени задатак');
INSERT INTO ocena (id, id_predmet, id_ucenik, ocena, datum, vrsta) VALUES (391, 2, 29, 3, '2020-12-03', 'писмени задатак');
INSERT INTO ocena (id, id_predmet, id_ucenik, ocena, datum, vrsta) VALUES (392, 2, 30, 5, '2020-12-03', 'писмени задатак');
INSERT INTO ocena (id, id_predmet, id_ucenik, ocena, datum, vrsta) VALUES (393, 2, 31, 4, '2020-12-03', 'писмени задатак');
INSERT INTO ocena (id, id_predmet, id_ucenik, ocena, datum, vrsta) VALUES (394, 2, 32, 3, '2020-12-03', 'писмени задатак');
INSERT INTO ocena (id, id_predmet, id_ucenik, ocena, datum, vrsta) VALUES (395, 2, 33, 5, '2020-12-03', 'писмени задатак');
INSERT INTO ocena (id, id_predmet, id_ucenik, ocena, datum, vrsta) VALUES (396, 2, 34, 5, '2020-12-03', 'писмени задатак');
INSERT INTO ocena (id, id_predmet, id_ucenik, ocena, datum, vrsta) VALUES (397, 2, 35, 5, '2020-12-03', 'писмени задатак');
INSERT INTO ocena (id, id_predmet, id_ucenik, ocena, datum, vrsta) VALUES (398, 2, 36, 4, '2020-12-03', 'писмени задатак');
INSERT INTO ocena (id, id_predmet, id_ucenik, ocena, datum, vrsta) VALUES (399, 2, 37, 4, '2020-12-03', 'писмени задатак');
INSERT INTO ocena (id, id_predmet, id_ucenik, ocena, datum, vrsta) VALUES (400, 2, 6, 3, '2020-12-03', 'писмени задатак');
INSERT INTO ocena (id, id_predmet, id_ucenik, ocena, datum, vrsta) VALUES (401, 2, 7, 5, '2020-12-03', 'писмени задатак');
INSERT INTO ocena (id, id_predmet, id_ucenik, ocena, datum, vrsta) VALUES (402, 2, 12, 4, '2020-12-03', 'писмени задатак');
INSERT INTO ocena (id, id_predmet, id_ucenik, ocena, datum, vrsta) VALUES (403, 2, 38, 5, '2020-12-03', 'писмени задатак');
INSERT INTO ocena (id, id_predmet, id_ucenik, ocena, datum, vrsta) VALUES (404, 2, 39, 4, '2020-12-03', 'писмени задатак');
INSERT INTO ocena (id, id_predmet, id_ucenik, ocena, datum, vrsta) VALUES (405, 2, 40, 3, '2020-12-03', 'писмени задатак');
INSERT INTO ocena (id, id_predmet, id_ucenik, ocena, datum, vrsta) VALUES (406, 2, 41, 3, '2020-12-03', 'писмени задатак');
INSERT INTO ocena (id, id_predmet, id_ucenik, ocena, datum, vrsta) VALUES (407, 2, 42, 5, '2020-12-03', 'писмени задатак');
INSERT INTO ocena (id, id_predmet, id_ucenik, ocena, datum, vrsta) VALUES (408, 2, 43, 4, '2020-12-03', 'писмени задатак');
INSERT INTO ocena (id, id_predmet, id_ucenik, ocena, datum, vrsta) VALUES (409, 2, 44, 5, '2020-12-03', 'писмени задатак');
INSERT INTO ocena (id, id_predmet, id_ucenik, ocena, datum, vrsta) VALUES (410, 2, 45, 3, '2020-12-03', 'писмени задатак');
INSERT INTO ocena (id, id_predmet, id_ucenik, ocena, datum, vrsta) VALUES (411, 2, 46, 5, '2020-12-03', 'писмени задатак');
INSERT INTO ocena (id, id_predmet, id_ucenik, ocena, datum, vrsta) VALUES (412, 2, 47, 3, '2020-12-03', 'писмени задатак');
INSERT INTO ocena (id, id_predmet, id_ucenik, ocena, datum, vrsta) VALUES (413, 2, 48, 5, '2020-12-03', 'писмени задатак');
INSERT INTO ocena (id, id_predmet, id_ucenik, ocena, datum, vrsta) VALUES (414, 2, 49, 4, '2020-12-03', 'писмени задатак');
INSERT INTO ocena (id, id_predmet, id_ucenik, ocena, datum, vrsta) VALUES (415, 2, 50, 3, '2020-12-03', 'писмени задатак');
INSERT INTO ocena (id, id_predmet, id_ucenik, ocena, datum, vrsta) VALUES (416, 2, 51, 4, '2020-12-03', 'писмени задатак');
INSERT INTO ocena (id, id_predmet, id_ucenik, ocena, datum, vrsta) VALUES (417, 2, 52, 4, '2020-12-03', 'писмени задатак');
INSERT INTO ocena (id, id_predmet, id_ucenik, ocena, datum, vrsta) VALUES (418, 2, 53, 5, '2020-12-03', 'писмени задатак');
INSERT INTO ocena (id, id_predmet, id_ucenik, ocena, datum, vrsta) VALUES (419, 2, 54, 3, '2020-12-03', 'писмени задатак');
INSERT INTO ocena (id, id_predmet, id_ucenik, ocena, datum, vrsta) VALUES (420, 2, 55, 3, '2020-12-03', 'писмени задатак');
INSERT INTO ocena (id, id_predmet, id_ucenik, ocena, datum, vrsta) VALUES (421, 2, 56, 5, '2020-12-03', 'писмени задатак');
INSERT INTO ocena (id, id_predmet, id_ucenik, ocena, datum, vrsta) VALUES (422, 2, 57, 3, '2020-12-03', 'писмени задатак');
INSERT INTO ocena (id, id_predmet, id_ucenik, ocena, datum, vrsta) VALUES (423, 2, 58, 3, '2020-12-03', 'писмени задатак');
INSERT INTO ocena (id, id_predmet, id_ucenik, ocena, datum, vrsta) VALUES (424, 2, 59, 5, '2020-12-03', 'писмени задатак');
INSERT INTO ocena (id, id_predmet, id_ucenik, ocena, datum, vrsta) VALUES (425, 2, 60, 5, '2020-12-03', 'писмени задатак');
INSERT INTO ocena (id, id_predmet, id_ucenik, ocena, datum, vrsta) VALUES (426, 2, 61, 5, '2020-12-03', 'писмени задатак');
INSERT INTO ocena (id, id_predmet, id_ucenik, ocena, datum, vrsta) VALUES (427, 2, 62, 4, '2020-12-03', 'писмени задатак');
INSERT INTO ocena (id, id_predmet, id_ucenik, ocena, datum, vrsta) VALUES (428, 2, 63, 4, '2020-12-03', 'писмени задатак');
INSERT INTO ocena (id, id_predmet, id_ucenik, ocena, datum, vrsta) VALUES (429, 2, 64, 3, '2020-12-03', 'писмени задатак');
INSERT INTO ocena (id, id_predmet, id_ucenik, ocena, datum, vrsta) VALUES (430, 2, 65, 5, '2020-12-03', 'писмени задатак');
INSERT INTO ocena (id, id_predmet, id_ucenik, ocena, datum, vrsta) VALUES (431, 2, 66, 3, '2020-12-03', 'писмени задатак');
INSERT INTO ocena (id, id_predmet, id_ucenik, ocena, datum, vrsta) VALUES (432, 2, 67, 3, '2020-12-03', 'писмени задатак');
INSERT INTO ocena (id, id_predmet, id_ucenik, ocena, datum, vrsta) VALUES (433, 2, 68, 3, '2020-12-03', 'писмени задатак');
INSERT INTO ocena (id, id_predmet, id_ucenik, ocena, datum, vrsta) VALUES (434, 2, 69, 5, '2020-12-03', 'писмени задатак');
INSERT INTO ocena (id, id_predmet, id_ucenik, ocena, datum, vrsta) VALUES (435, 2, 70, 5, '2020-12-03', 'писмени задатак');
INSERT INTO ocena (id, id_predmet, id_ucenik, ocena, datum, vrsta) VALUES (436, 2, 71, 3, '2020-12-03', 'писмени задатак');
INSERT INTO ocena (id, id_predmet, id_ucenik, ocena, datum, vrsta) VALUES (437, 2, 72, 3, '2020-12-03', 'писмени задатак');
INSERT INTO ocena (id, id_predmet, id_ucenik, ocena, datum, vrsta) VALUES (438, 2, 73, 4, '2020-12-03', 'писмени задатак');
INSERT INTO ocena (id, id_predmet, id_ucenik, ocena, datum, vrsta) VALUES (439, 2, 74, 4, '2020-12-03', 'писмени задатак');
INSERT INTO ocena (id, id_predmet, id_ucenik, ocena, datum, vrsta) VALUES (440, 2, 75, 5, '2020-12-03', 'писмени задатак');
INSERT INTO ocena (id, id_predmet, id_ucenik, ocena, datum, vrsta) VALUES (441, 2, 76, 3, '2020-12-03', 'писмени задатак');
INSERT INTO ocena (id, id_predmet, id_ucenik, ocena, datum, vrsta) VALUES (442, 2, 77, 3, '2020-12-03', 'писмени задатак');
INSERT INTO ocena (id, id_predmet, id_ucenik, ocena, datum, vrsta) VALUES (443, 2, 78, 3, '2020-12-03', 'писмени задатак');
INSERT INTO ocena (id, id_predmet, id_ucenik, ocena, datum, vrsta) VALUES (444, 2, 79, 4, '2020-12-03', 'писмени задатак');
INSERT INTO ocena (id, id_predmet, id_ucenik, ocena, datum, vrsta) VALUES (445, 2, 80, 4, '2020-12-03', 'писмени задатак');
INSERT INTO ocena (id, id_predmet, id_ucenik, ocena, datum, vrsta) VALUES (446, 2, 81, 5, '2020-12-03', 'писмени задатак');
INSERT INTO ocena (id, id_predmet, id_ucenik, ocena, datum, vrsta) VALUES (447, 2, 82, 4, '2020-12-03', 'писмени задатак');
INSERT INTO ocena (id, id_predmet, id_ucenik, ocena, datum, vrsta) VALUES (448, 2, 83, 5, '2020-12-03', 'писмени задатак');
INSERT INTO ocena (id, id_predmet, id_ucenik, ocena, datum, vrsta) VALUES (449, 2, 84, 3, '2020-12-03', 'писмени задатак');
INSERT INTO ocena (id, id_predmet, id_ucenik, ocena, datum, vrsta) VALUES (450, 2, 85, 3, '2020-12-03', 'писмени задатак');
INSERT INTO ocena (id, id_predmet, id_ucenik, ocena, datum, vrsta) VALUES (451, 2, 86, 3, '2020-12-03', 'писмени задатак');
INSERT INTO ocena (id, id_predmet, id_ucenik, ocena, datum, vrsta) VALUES (452, 2, 87, 5, '2020-12-03', 'писмени задатак');
INSERT INTO ocena (id, id_predmet, id_ucenik, ocena, datum, vrsta) VALUES (453, 2, 88, 4, '2020-12-03', 'писмени задатак');
INSERT INTO ocena (id, id_predmet, id_ucenik, ocena, datum, vrsta) VALUES (454, 2, 89, 4, '2020-12-03', 'писмени задатак');
INSERT INTO ocena (id, id_predmet, id_ucenik, ocena, datum, vrsta) VALUES (455, 2, 90, 4, '2020-12-03', 'писмени задатак');
INSERT INTO ocena (id, id_predmet, id_ucenik, ocena, datum, vrsta) VALUES (456, 2, 91, 3, '2020-12-03', 'писмени задатак');
INSERT INTO ocena (id, id_predmet, id_ucenik, ocena, datum, vrsta) VALUES (457, 2, 92, 5, '2020-12-03', 'писмени задатак');
INSERT INTO ocena (id, id_predmet, id_ucenik, ocena, datum, vrsta) VALUES (458, 2, 93, 4, '2020-12-03', 'писмени задатак');
INSERT INTO ocena (id, id_predmet, id_ucenik, ocena, datum, vrsta) VALUES (459, 2, 94, 3, '2020-12-03', 'писмени задатак');
INSERT INTO ocena (id, id_predmet, id_ucenik, ocena, datum, vrsta) VALUES (460, 2, 95, 4, '2020-12-03', 'писмени задатак');
INSERT INTO ocena (id, id_predmet, id_ucenik, ocena, datum, vrsta) VALUES (461, 2, 96, 3, '2020-12-03', 'писмени задатак');
INSERT INTO ocena (id, id_predmet, id_ucenik, ocena, datum, vrsta) VALUES (462, 9, 293, 5, '2020-10-01', 'контролна вежба');

-- Table: predmet
CREATE TABLE predmet (id INTEGER PRIMARY KEY AUTOINCREMENT, naziv VARCHAR (30) NOT NULL, razred INT NOT NULL, fond INTEGER NOT NULL);
INSERT INTO predmet (id, naziv, razred, fond) VALUES (1, 'Математика', 1, 5);
INSERT INTO predmet (id, naziv, razred, fond) VALUES (2, 'Српски језик', 1, 4);
INSERT INTO predmet (id, naziv, razred, fond) VALUES (3, 'Рачунарство и информатика', 1, 2);
INSERT INTO predmet (id, naziv, razred, fond) VALUES (4, 'Математика', 2, 5);
INSERT INTO predmet (id, naziv, razred, fond) VALUES (5, 'Психологија', 2, 2);
INSERT INTO predmet (id, naziv, razred, fond) VALUES (6, 'Физика', 1, 3);
INSERT INTO predmet (id, naziv, razred, fond) VALUES (7, 'Физика', 2, 3);
INSERT INTO predmet (id, naziv, razred, fond) VALUES (8, 'Математика', 3, 4);
INSERT INTO predmet (id, naziv, razred, fond) VALUES (9, 'Математика', 4, 4);
INSERT INTO predmet (id, naziv, razred, fond) VALUES (10, 'Социологија', 3, 2);
INSERT INTO predmet (id, naziv, razred, fond) VALUES (11, 'Филозофија', 4, 2);

-- Table: ucenik
CREATE TABLE ucenik (id INTEGER PRIMARY KEY AUTOINCREMENT, ime VARCHAR (30) NOT NULL COLLATE UNICODE, prezime VARCHAR (30) NOT NULL COLLATE UNICODE, pol CHAR, datum_rodjenja DATE, razred INT, odeljenje INT);
INSERT INTO ucenik (id, ime, prezime, pol, datum_rodjenja, razred, odeljenje) VALUES (1, 'Петар', 'Петровић', 'м', '2006-07-01', 1, 1);
INSERT INTO ucenik (id, ime, prezime, pol, datum_rodjenja, razred, odeljenje) VALUES (2, 'Милица', 'Јовановић', 'ж', '2006-04-03', 1, 1);
INSERT INTO ucenik (id, ime, prezime, pol, datum_rodjenja, razred, odeljenje) VALUES (3, 'Лидија', 'Петровић', 'ж', '2006-12-14', 1, 1);
INSERT INTO ucenik (id, ime, prezime, pol, datum_rodjenja, razred, odeljenje) VALUES (4, 'Петар', 'Миловановић', 'м', '2005-12-08', 2, 1);
INSERT INTO ucenik (id, ime, prezime, pol, datum_rodjenja, razred, odeljenje) VALUES (5, 'Ана', 'Пекић', 'ж', '2005-02-23', 2, 1);
INSERT INTO ucenik (id, ime, prezime, pol, datum_rodjenja, razred, odeljenje) VALUES (6, 'Јован', 'Миленковић', 'м', '2006-04-07', 1, 2);
INSERT INTO ucenik (id, ime, prezime, pol, datum_rodjenja, razred, odeljenje) VALUES (7, 'Јована', 'Миленковић', 'ж', '2006-04-07', 1, 2);
INSERT INTO ucenik (id, ime, prezime, pol, datum_rodjenja, razred, odeljenje) VALUES (8, 'Гордана', 'Сарић', 'ж', '2005-01-03', 2, 1);
INSERT INTO ucenik (id, ime, prezime, pol, datum_rodjenja, razred, odeljenje) VALUES (9, 'Вања', 'Савић', 'м', '2004-11-13', 3, 1);
INSERT INTO ucenik (id, ime, prezime, pol, datum_rodjenja, razred, odeljenje) VALUES (10, 'Николина', 'Јовановић', 'ж', '2004-08-03', 3, 1);
INSERT INTO ucenik (id, ime, prezime, pol, datum_rodjenja, razred, odeljenje) VALUES (11, 'Станоје', 'Бекоња', 'м', '2004-03-04', 3, 1);
INSERT INTO ucenik (id, ime, prezime, pol, datum_rodjenja, razred, odeljenje) VALUES (12, 'Ана', 'Анђелковић', 'ж', '2007-04-23', 1, 2);
INSERT INTO ucenik (id, ime, prezime, pol, datum_rodjenja, razred, odeljenje) VALUES (13, 'Дуња', 'Травица', 'ж', '2007-01-03', 1, 1);
INSERT INTO ucenik (id, ime, prezime, pol, datum_rodjenja, razred, odeljenje) VALUES (14, 'Јована', 'Божић', 'ж', '2006-09-06', 1, 1);
INSERT INTO ucenik (id, ime, prezime, pol, datum_rodjenja, razred, odeljenje) VALUES (15, 'Елена', 'Ђурђевић', 'ж', '2007-01-16', 1, 1);
INSERT INTO ucenik (id, ime, prezime, pol, datum_rodjenja, razred, odeljenje) VALUES (16, 'Даница', 'Анђелковић', 'ж', '2007-02-11', 1, 1);
INSERT INTO ucenik (id, ime, prezime, pol, datum_rodjenja, razred, odeljenje) VALUES (17, 'Теодора', 'Вучковић', 'ж', '2007-02-25', 1, 1);
INSERT INTO ucenik (id, ime, prezime, pol, datum_rodjenja, razred, odeljenje) VALUES (18, 'Десанка', 'Станковић', 'ж', '2006-05-20', 1, 1);
INSERT INTO ucenik (id, ime, prezime, pol, datum_rodjenja, razred, odeljenje) VALUES (19, 'Александра', 'Гајин', 'ж', '2006-04-24', 1, 1);
INSERT INTO ucenik (id, ime, prezime, pol, datum_rodjenja, razred, odeljenje) VALUES (20, 'Анита', 'Урошевић', 'ж', '2007-02-05', 1, 1);
INSERT INTO ucenik (id, ime, prezime, pol, datum_rodjenja, razred, odeljenje) VALUES (21, 'Анђелија', 'Богдановић', 'ж', '2007-01-16', 1, 1);
INSERT INTO ucenik (id, ime, prezime, pol, datum_rodjenja, razred, odeljenje) VALUES (22, 'Тијана', 'Божић', 'ж', '2006-08-08', 1, 1);
INSERT INTO ucenik (id, ime, prezime, pol, datum_rodjenja, razred, odeljenje) VALUES (23, 'Лидија', 'Стевановић', 'ж', '2007-01-15', 1, 1);
INSERT INTO ucenik (id, ime, prezime, pol, datum_rodjenja, razred, odeljenje) VALUES (24, 'Ивана', 'Пејчев', 'ж', '2006-05-13', 1, 1);
INSERT INTO ucenik (id, ime, prezime, pol, datum_rodjenja, razred, odeljenje) VALUES (25, 'Доротеа', 'Марковић', 'ж', '2006-10-04', 1, 1);
INSERT INTO ucenik (id, ime, prezime, pol, datum_rodjenja, razred, odeljenje) VALUES (26, 'Зоран', 'Илић', 'м', '2006-12-20', 1, 1);
INSERT INTO ucenik (id, ime, prezime, pol, datum_rodjenja, razred, odeljenje) VALUES (27, 'Војин', 'Милошевић', 'м', '2006-04-30', 1, 1);
INSERT INTO ucenik (id, ime, prezime, pol, datum_rodjenja, razred, odeljenje) VALUES (28, 'Младен', 'Јеремић', 'м', '2006-12-01', 1, 1);
INSERT INTO ucenik (id, ime, prezime, pol, datum_rodjenja, razred, odeljenje) VALUES (29, 'Милан', 'Максимовић', 'м', '2006-11-22', 1, 1);
INSERT INTO ucenik (id, ime, prezime, pol, datum_rodjenja, razred, odeljenje) VALUES (30, 'Огњен', 'Стојановић', 'м', '2006-04-23', 1, 1);
INSERT INTO ucenik (id, ime, prezime, pol, datum_rodjenja, razred, odeljenje) VALUES (31, 'Милутин', 'Травица', 'м', '2006-06-18', 1, 1);
INSERT INTO ucenik (id, ime, prezime, pol, datum_rodjenja, razred, odeljenje) VALUES (32, 'Симон', 'Картељ', 'м', '2006-07-07', 1, 1);
INSERT INTO ucenik (id, ime, prezime, pol, datum_rodjenja, razred, odeljenje) VALUES (33, 'Андреј', 'Стевановић', 'м', '2007-01-12', 1, 1);
INSERT INTO ucenik (id, ime, prezime, pol, datum_rodjenja, razred, odeljenje) VALUES (34, 'Вујадин', 'Томић', 'м', '2006-11-18', 1, 1);
INSERT INTO ucenik (id, ime, prezime, pol, datum_rodjenja, razred, odeljenje) VALUES (35, 'Павле', 'Радивојевић', 'м', '2006-12-14', 1, 1);
INSERT INTO ucenik (id, ime, prezime, pol, datum_rodjenja, razred, odeljenje) VALUES (36, 'Леон', 'Гавриловић', 'м', '2007-01-14', 1, 1);
INSERT INTO ucenik (id, ime, prezime, pol, datum_rodjenja, razred, odeljenje) VALUES (37, 'Виктор', 'Симић', 'м', '2006-11-01', 1, 1);
INSERT INTO ucenik (id, ime, prezime, pol, datum_rodjenja, razred, odeljenje) VALUES (38, 'Ксенија', 'Ђукић', 'ж', '2007-02-15', 1, 2);
INSERT INTO ucenik (id, ime, prezime, pol, datum_rodjenja, razred, odeljenje) VALUES (39, 'Анабела', 'Лазаревић', 'ж', '2006-07-08', 1, 2);
INSERT INTO ucenik (id, ime, prezime, pol, datum_rodjenja, razred, odeljenje) VALUES (40, 'Емилија', 'Рељин', 'ж', '2006-07-11', 1, 2);
INSERT INTO ucenik (id, ime, prezime, pol, datum_rodjenja, razred, odeljenje) VALUES (41, 'Оливера', 'Јеремић', 'ж', '2006-07-30', 1, 2);
INSERT INTO ucenik (id, ime, prezime, pol, datum_rodjenja, razred, odeljenje) VALUES (42, 'Весна', 'Граховац', 'ж', '2006-09-18', 1, 2);
INSERT INTO ucenik (id, ime, prezime, pol, datum_rodjenja, razred, odeljenje) VALUES (43, 'Љиљана', 'Јовановић', 'ж', '2006-08-01', 1, 2);
INSERT INTO ucenik (id, ime, prezime, pol, datum_rodjenja, razred, odeljenje) VALUES (44, 'Алекса', 'Цветковић', 'м', '2006-11-28', 1, 2);
INSERT INTO ucenik (id, ime, prezime, pol, datum_rodjenja, razred, odeljenje) VALUES (45, 'Николај', 'Кнежевић', 'м', '2006-09-11', 1, 2);
INSERT INTO ucenik (id, ime, prezime, pol, datum_rodjenja, razred, odeljenje) VALUES (46, 'Весна', 'Нешић', 'ж', '2007-02-02', 1, 2);
INSERT INTO ucenik (id, ime, prezime, pol, datum_rodjenja, razred, odeljenje) VALUES (47, 'Душанка', 'Петровић', 'ж', '2006-09-28', 1, 2);
INSERT INTO ucenik (id, ime, prezime, pol, datum_rodjenja, razred, odeljenje) VALUES (48, 'Коста', 'Божић', 'м', '2007-02-20', 1, 2);
INSERT INTO ucenik (id, ime, prezime, pol, datum_rodjenja, razred, odeljenje) VALUES (49, 'Надежда', 'Милић', 'ж', '2006-09-10', 1, 2);
INSERT INTO ucenik (id, ime, prezime, pol, datum_rodjenja, razred, odeljenje) VALUES (50, 'Петар', 'Милић', 'м', '2006-06-14', 1, 2);
INSERT INTO ucenik (id, ime, prezime, pol, datum_rodjenja, razred, odeljenje) VALUES (51, 'Алиса', 'Божин', 'ж', '2006-07-01', 1, 2);
INSERT INTO ucenik (id, ime, prezime, pol, datum_rodjenja, razred, odeljenje) VALUES (52, 'Сташа', 'Ивановић', 'ж', '2006-06-22', 1, 2);
INSERT INTO ucenik (id, ime, prezime, pol, datum_rodjenja, razred, odeljenje) VALUES (53, 'Анђелка', 'Вељковић', 'ж', '2006-03-24', 1, 2);
INSERT INTO ucenik (id, ime, prezime, pol, datum_rodjenja, razred, odeljenje) VALUES (54, 'Урош', 'Миљковић', 'м', '2006-08-12', 1, 2);
INSERT INTO ucenik (id, ime, prezime, pol, datum_rodjenja, razred, odeljenje) VALUES (55, 'Магдалена', 'Алексић', 'ж', '2006-09-04', 1, 2);
INSERT INTO ucenik (id, ime, prezime, pol, datum_rodjenja, razred, odeljenje) VALUES (56, 'Кристијан', 'Лазаревић', 'м', '2007-01-08', 1, 2);
INSERT INTO ucenik (id, ime, prezime, pol, datum_rodjenja, razred, odeljenje) VALUES (57, 'Маша', 'Гузина', 'ж', '2007-01-26', 1, 2);
INSERT INTO ucenik (id, ime, prezime, pol, datum_rodjenja, razred, odeljenje) VALUES (58, 'Тадеј', 'Митић', 'м', '2006-09-08', 1, 2);
INSERT INTO ucenik (id, ime, prezime, pol, datum_rodjenja, razred, odeljenje) VALUES (59, 'Дејан', 'Гајин', 'м', '2006-04-04', 1, 2);
INSERT INTO ucenik (id, ime, prezime, pol, datum_rodjenja, razred, odeljenje) VALUES (60, 'Уна', 'Павков', 'ж', '2006-06-07', 1, 2);
INSERT INTO ucenik (id, ime, prezime, pol, datum_rodjenja, razred, odeljenje) VALUES (61, 'Елена', 'Радивојевић', 'ж', '2007-02-16', 1, 2);
INSERT INTO ucenik (id, ime, prezime, pol, datum_rodjenja, razred, odeljenje) VALUES (62, 'Бранка', 'Томић', 'ж', '2006-03-01', 1, 2);
INSERT INTO ucenik (id, ime, prezime, pol, datum_rodjenja, razred, odeljenje) VALUES (63, 'Матеј', 'Стевановић', 'м', '2006-04-07', 1, 2);
INSERT INTO ucenik (id, ime, prezime, pol, datum_rodjenja, razred, odeljenje) VALUES (64, 'Милутин', 'Миљковић', 'м', '2006-04-02', 1, 2);
INSERT INTO ucenik (id, ime, prezime, pol, datum_rodjenja, razred, odeljenje) VALUES (65, 'Тара', 'Марјановић', 'ж', '2006-05-17', 1, 2);
INSERT INTO ucenik (id, ime, prezime, pol, datum_rodjenja, razred, odeljenje) VALUES (66, 'Јелица', 'Ћирић', 'ж', '2006-10-18', 1, 2);
INSERT INTO ucenik (id, ime, prezime, pol, datum_rodjenja, razred, odeljenje) VALUES (67, 'Анита', 'Гајић', 'ж', '2006-12-15', 1, 2);
INSERT INTO ucenik (id, ime, prezime, pol, datum_rodjenja, razred, odeljenje) VALUES (68, 'Никола', 'Ђурић', 'м', '2006-05-14', 1, 3);
INSERT INTO ucenik (id, ime, prezime, pol, datum_rodjenja, razred, odeljenje) VALUES (69, 'Лидија', 'Јовић', 'ж', '2006-11-19', 1, 3);
INSERT INTO ucenik (id, ime, prezime, pol, datum_rodjenja, razred, odeljenje) VALUES (70, 'Јована', 'Радовић', 'ж', '2006-03-08', 1, 3);
INSERT INTO ucenik (id, ime, prezime, pol, datum_rodjenja, razred, odeljenje) VALUES (71, 'Слободан', 'Бељански', 'м', '2006-06-10', 1, 3);
INSERT INTO ucenik (id, ime, prezime, pol, datum_rodjenja, razred, odeljenje) VALUES (72, 'Светлана', 'Милановић', 'ж', '2006-07-26', 1, 3);
INSERT INTO ucenik (id, ime, prezime, pol, datum_rodjenja, razred, odeljenje) VALUES (73, 'Алекса', 'Лазић', 'м', '2006-04-23', 1, 3);
INSERT INTO ucenik (id, ime, prezime, pol, datum_rodjenja, razred, odeljenje) VALUES (74, 'Матео', 'Молдован', 'м', '2007-02-28', 1, 3);
INSERT INTO ucenik (id, ime, prezime, pol, datum_rodjenja, razred, odeljenje) VALUES (75, 'Весна', 'Стефановић', 'ж', '2006-03-01', 1, 3);
INSERT INTO ucenik (id, ime, prezime, pol, datum_rodjenja, razred, odeljenje) VALUES (76, 'Новак', 'Радивојевић', 'м', '2006-05-16', 1, 3);
INSERT INTO ucenik (id, ime, prezime, pol, datum_rodjenja, razred, odeljenje) VALUES (77, 'Тања', 'Ђурђевић', 'ж', '2006-05-08', 1, 3);
INSERT INTO ucenik (id, ime, prezime, pol, datum_rodjenja, razred, odeljenje) VALUES (78, 'Сандра', 'Милетић', 'ж', '2006-06-19', 1, 3);
INSERT INTO ucenik (id, ime, prezime, pol, datum_rodjenja, razred, odeljenje) VALUES (79, 'Даринка', 'Радовић', 'ж', '2007-01-08', 1, 3);
INSERT INTO ucenik (id, ime, prezime, pol, datum_rodjenja, razred, odeljenje) VALUES (80, 'Илија', 'Картељ', 'м', '2007-02-05', 1, 3);
INSERT INTO ucenik (id, ime, prezime, pol, datum_rodjenja, razred, odeljenje) VALUES (81, 'Олга', 'Ристић', 'ж', '2006-11-27', 1, 3);
INSERT INTO ucenik (id, ime, prezime, pol, datum_rodjenja, razred, odeljenje) VALUES (82, 'Виолета', 'Милојевић', 'ж', '2006-03-03', 1, 3);
INSERT INTO ucenik (id, ime, prezime, pol, datum_rodjenja, razred, odeljenje) VALUES (83, 'Јелица', 'Јаковљевић', 'ж', '2006-03-18', 1, 3);
INSERT INTO ucenik (id, ime, prezime, pol, datum_rodjenja, razred, odeljenje) VALUES (84, 'Симон', 'Николић', 'м', '2006-08-22', 1, 3);
INSERT INTO ucenik (id, ime, prezime, pol, datum_rodjenja, razred, odeljenje) VALUES (85, 'Вида', 'Тошић', 'ж', '2006-06-08', 1, 3);
INSERT INTO ucenik (id, ime, prezime, pol, datum_rodjenja, razred, odeljenje) VALUES (86, 'Ангелина', 'Ђукић', 'ж', '2006-03-23', 1, 3);
INSERT INTO ucenik (id, ime, prezime, pol, datum_rodjenja, razred, odeljenje) VALUES (87, 'Константин', 'Јаковљевић', 'м', '2006-06-11', 1, 3);
INSERT INTO ucenik (id, ime, prezime, pol, datum_rodjenja, razred, odeljenje) VALUES (88, 'Богдан', 'Лазаревић', 'м', '2007-01-04', 1, 3);
INSERT INTO ucenik (id, ime, prezime, pol, datum_rodjenja, razred, odeljenje) VALUES (89, 'Драгана', 'Миленковић', 'ж', '2006-08-08', 1, 3);
INSERT INTO ucenik (id, ime, prezime, pol, datum_rodjenja, razred, odeljenje) VALUES (90, 'Магдалена', 'Анђелковић', 'ж', '2006-12-21', 1, 3);
INSERT INTO ucenik (id, ime, prezime, pol, datum_rodjenja, razred, odeljenje) VALUES (91, 'Љубица', 'Гајин', 'ж', '2006-08-02', 1, 3);
INSERT INTO ucenik (id, ime, prezime, pol, datum_rodjenja, razred, odeljenje) VALUES (92, 'Јасмина', 'Томић', 'ж', '2006-05-24', 1, 3);
INSERT INTO ucenik (id, ime, prezime, pol, datum_rodjenja, razred, odeljenje) VALUES (93, 'Данка', 'Гузина', 'ж', '2006-06-16', 1, 3);
INSERT INTO ucenik (id, ime, prezime, pol, datum_rodjenja, razred, odeljenje) VALUES (94, 'Тамара', 'Антић', 'ж', '2007-02-04', 1, 3);
INSERT INTO ucenik (id, ime, prezime, pol, datum_rodjenja, razred, odeljenje) VALUES (95, 'Југослава', 'Величковић', 'ж', '2006-05-31', 1, 3);
INSERT INTO ucenik (id, ime, prezime, pol, datum_rodjenja, razred, odeljenje) VALUES (96, 'Матео', 'Тодоровић', 'м', '2006-05-18', 1, 3);
INSERT INTO ucenik (id, ime, prezime, pol, datum_rodjenja, razred, odeljenje) VALUES (97, 'Дуња', 'Трајковић', 'ж', '2006-01-07', 2, 1);
INSERT INTO ucenik (id, ime, prezime, pol, datum_rodjenja, razred, odeljenje) VALUES (98, 'Аљоша', 'Здравковић', 'м', '2005-09-22', 2, 1);
INSERT INTO ucenik (id, ime, prezime, pol, datum_rodjenja, razred, odeljenje) VALUES (99, 'Вукан', 'Филиповић', 'м', '2005-04-16', 2, 1);
INSERT INTO ucenik (id, ime, prezime, pol, datum_rodjenja, razred, odeljenje) VALUES (100, 'Теа', 'Јеремић', 'ж', '2005-04-24', 2, 1);
INSERT INTO ucenik (id, ime, prezime, pol, datum_rodjenja, razred, odeljenje) VALUES (101, 'Милан', 'Милић', 'м', '2006-02-21', 2, 1);
INSERT INTO ucenik (id, ime, prezime, pol, datum_rodjenja, razred, odeljenje) VALUES (102, 'Сања', 'Михајловић', 'ж', '2006-02-11', 2, 1);
INSERT INTO ucenik (id, ime, prezime, pol, datum_rodjenja, razred, odeljenje) VALUES (103, 'Ђурђа', 'Николић', 'ж', '2005-05-24', 2, 1);
INSERT INTO ucenik (id, ime, prezime, pol, datum_rodjenja, razred, odeljenje) VALUES (104, 'Јован', 'Крстић', 'м', '2005-09-28', 2, 1);
INSERT INTO ucenik (id, ime, prezime, pol, datum_rodjenja, razred, odeljenje) VALUES (105, 'Јован', 'Пешић', 'м', '2005-11-27', 2, 1);
INSERT INTO ucenik (id, ime, prezime, pol, datum_rodjenja, razred, odeljenje) VALUES (106, 'Теодора', 'Богдановић', 'ж', '2005-05-25', 2, 1);
INSERT INTO ucenik (id, ime, prezime, pol, datum_rodjenja, razred, odeljenje) VALUES (107, 'Игњат', 'Марјановић', 'м', '2005-11-05', 2, 1);
INSERT INTO ucenik (id, ime, prezime, pol, datum_rodjenja, razred, odeljenje) VALUES (108, 'Марина', 'Бељански', 'ж', '2005-11-04', 2, 1);
INSERT INTO ucenik (id, ime, prezime, pol, datum_rodjenja, razred, odeljenje) VALUES (109, 'Јагода', 'Картељ', 'ж', '2005-03-21', 2, 1);
INSERT INTO ucenik (id, ime, prezime, pol, datum_rodjenja, razred, odeljenje) VALUES (110, 'Теодора', 'Милић', 'ж', '2005-11-13', 2, 1);
INSERT INTO ucenik (id, ime, prezime, pol, datum_rodjenja, razred, odeljenje) VALUES (111, 'Алекса', 'Божић', 'м', '2006-01-10', 2, 1);
INSERT INTO ucenik (id, ime, prezime, pol, datum_rodjenja, razred, odeljenje) VALUES (112, 'Тамара', 'Петровић', 'ж', '2005-05-29', 2, 1);
INSERT INTO ucenik (id, ime, prezime, pol, datum_rodjenja, razred, odeljenje) VALUES (113, 'Јован', 'Радосављевић', 'м', '2005-10-23', 2, 1);
INSERT INTO ucenik (id, ime, prezime, pol, datum_rodjenja, razred, odeljenje) VALUES (114, 'Маја', 'Ивановић', 'ж', '2005-09-11', 2, 1);
INSERT INTO ucenik (id, ime, prezime, pol, datum_rodjenja, razred, odeljenje) VALUES (115, 'Анђела', 'Бељански', 'ж', '2005-08-17', 2, 1);
INSERT INTO ucenik (id, ime, prezime, pol, datum_rodjenja, razred, odeljenje) VALUES (116, 'Милена', 'Павлица', 'ж', '2005-05-03', 2, 1);
INSERT INTO ucenik (id, ime, prezime, pol, datum_rodjenja, razred, odeljenje) VALUES (117, 'Матија', 'Ристић', 'м', '2005-05-01', 2, 1);
INSERT INTO ucenik (id, ime, prezime, pol, datum_rodjenja, razred, odeljenje) VALUES (118, 'Никша', 'Милошевић', 'м', '2005-04-29', 2, 1);
INSERT INTO ucenik (id, ime, prezime, pol, datum_rodjenja, razred, odeljenje) VALUES (119, 'Драгана', 'Нешић', 'ж', '2005-07-05', 2, 1);
INSERT INTO ucenik (id, ime, prezime, pol, datum_rodjenja, razred, odeljenje) VALUES (120, 'Станка', 'Јанковић', 'ж', '2006-01-22', 2, 1);
INSERT INTO ucenik (id, ime, prezime, pol, datum_rodjenja, razred, odeljenje) VALUES (121, 'Игњат', 'Михајловић', 'м', '2005-10-14', 2, 1);
INSERT INTO ucenik (id, ime, prezime, pol, datum_rodjenja, razred, odeljenje) VALUES (122, 'Аница', 'Бељански', 'ж', '2005-11-01', 2, 1);
INSERT INTO ucenik (id, ime, prezime, pol, datum_rodjenja, razred, odeljenje) VALUES (123, 'Даница', 'Рељин', 'ж', '2006-01-11', 2, 1);
INSERT INTO ucenik (id, ime, prezime, pol, datum_rodjenja, razred, odeljenje) VALUES (124, 'Видак', 'Миљковић', 'м', '2005-03-21', 2, 1);
INSERT INTO ucenik (id, ime, prezime, pol, datum_rodjenja, razred, odeljenje) VALUES (125, 'Бранко', 'Антић', 'м', '2005-08-14', 2, 1);
INSERT INTO ucenik (id, ime, prezime, pol, datum_rodjenja, razred, odeljenje) VALUES (126, 'Марија', 'Петровић', 'ж', '2005-03-27', 2, 2);
INSERT INTO ucenik (id, ime, prezime, pol, datum_rodjenja, razred, odeljenje) VALUES (127, 'Теодор', 'Кнежевић', 'м', '2005-12-29', 2, 2);
INSERT INTO ucenik (id, ime, prezime, pol, datum_rodjenja, razred, odeljenje) VALUES (128, 'Коста', 'Савић', 'м', '2005-10-20', 2, 2);
INSERT INTO ucenik (id, ime, prezime, pol, datum_rodjenja, razred, odeljenje) VALUES (129, 'Милка', 'Миленковић', 'ж', '2006-01-08', 2, 2);
INSERT INTO ucenik (id, ime, prezime, pol, datum_rodjenja, razred, odeljenje) VALUES (130, 'Анита', 'Митровић', 'ж', '2005-04-18', 2, 2);
INSERT INTO ucenik (id, ime, prezime, pol, datum_rodjenja, razred, odeljenje) VALUES (131, 'Анђела', 'Васиљевић', 'ж', '2005-05-02', 2, 2);
INSERT INTO ucenik (id, ime, prezime, pol, datum_rodjenja, razred, odeljenje) VALUES (132, 'Нада', 'Недељковић', 'ж', '2005-12-22', 2, 2);
INSERT INTO ucenik (id, ime, prezime, pol, datum_rodjenja, razred, odeljenje) VALUES (133, 'Валентина', 'Арсић', 'ж', '2005-05-11', 2, 2);
INSERT INTO ucenik (id, ime, prezime, pol, datum_rodjenja, razred, odeljenje) VALUES (134, 'Нада', 'Маринковић', 'ж', '2005-05-12', 2, 2);
INSERT INTO ucenik (id, ime, prezime, pol, datum_rodjenja, razred, odeljenje) VALUES (135, 'Угљеша', 'Илић', 'м', '2005-04-24', 2, 2);
INSERT INTO ucenik (id, ime, prezime, pol, datum_rodjenja, razred, odeljenje) VALUES (136, 'Данијела', 'Стевановић', 'ж', '2006-01-08', 2, 2);
INSERT INTO ucenik (id, ime, prezime, pol, datum_rodjenja, razred, odeljenje) VALUES (137, 'Надежда', 'Илић', 'ж', '2006-01-30', 2, 2);
INSERT INTO ucenik (id, ime, prezime, pol, datum_rodjenja, razred, odeljenje) VALUES (138, 'Лидија', 'Нешић', 'ж', '2005-12-27', 2, 2);
INSERT INTO ucenik (id, ime, prezime, pol, datum_rodjenja, razred, odeljenje) VALUES (139, 'Сергеј', 'Ђурић', 'м', '2006-01-30', 2, 2);
INSERT INTO ucenik (id, ime, prezime, pol, datum_rodjenja, razred, odeljenje) VALUES (140, 'Тара', 'Стојановић', 'ж', '2005-07-20', 2, 2);
INSERT INTO ucenik (id, ime, prezime, pol, datum_rodjenja, razred, odeljenje) VALUES (141, 'Игор', 'Радуловић', 'м', '2006-02-15', 2, 2);
INSERT INTO ucenik (id, ime, prezime, pol, datum_rodjenja, razred, odeljenje) VALUES (142, 'Тадија', 'Станковић', 'м', '2006-01-27', 2, 2);
INSERT INTO ucenik (id, ime, prezime, pol, datum_rodjenja, razred, odeljenje) VALUES (143, 'Весна', 'Марковић', 'ж', '2005-06-07', 2, 2);
INSERT INTO ucenik (id, ime, prezime, pol, datum_rodjenja, razred, odeljenje) VALUES (144, 'Матео', 'Симић', 'м', '2005-07-15', 2, 2);
INSERT INTO ucenik (id, ime, prezime, pol, datum_rodjenja, razred, odeljenje) VALUES (145, 'Маша', 'Перић', 'ж', '2005-11-14', 2, 2);
INSERT INTO ucenik (id, ime, prezime, pol, datum_rodjenja, razred, odeljenje) VALUES (146, 'Лана', 'Поповић', 'ж', '2006-01-24', 2, 2);
INSERT INTO ucenik (id, ime, prezime, pol, datum_rodjenja, razred, odeljenje) VALUES (147, 'Доротеа', 'Митровић', 'ж', '2005-10-06', 2, 2);
INSERT INTO ucenik (id, ime, prezime, pol, datum_rodjenja, razred, odeljenje) VALUES (148, 'Светлана', 'Кнежевић', 'ж', '2005-05-21', 2, 2);
INSERT INTO ucenik (id, ime, prezime, pol, datum_rodjenja, razred, odeljenje) VALUES (149, 'Магдалена', 'Трифуновић', 'ж', '2005-05-03', 2, 2);
INSERT INTO ucenik (id, ime, prezime, pol, datum_rodjenja, razred, odeljenje) VALUES (150, 'Божидар', 'Бабић', 'м', '2005-08-05', 2, 2);
INSERT INTO ucenik (id, ime, prezime, pol, datum_rodjenja, razred, odeljenje) VALUES (151, 'Олег', 'Јанковић', 'м', '2006-01-31', 2, 2);
INSERT INTO ucenik (id, ime, prezime, pol, datum_rodjenja, razred, odeljenje) VALUES (152, 'Адријана', 'Милић', 'ж', '2005-03-26', 2, 3);
INSERT INTO ucenik (id, ime, prezime, pol, datum_rodjenja, razred, odeljenje) VALUES (153, 'Загорка', 'Ђорђевић', 'ж', '2006-01-11', 2, 3);
INSERT INTO ucenik (id, ime, prezime, pol, datum_rodjenja, razred, odeljenje) VALUES (154, 'Алексеј', 'Молдован', 'м', '2005-12-16', 2, 3);
INSERT INTO ucenik (id, ime, prezime, pol, datum_rodjenja, razred, odeljenje) VALUES (155, 'Анастасија', 'Костић', 'ж', '2006-02-22', 2, 3);
INSERT INTO ucenik (id, ime, prezime, pol, datum_rodjenja, razred, odeljenje) VALUES (156, 'Бранко', 'Радовановић', 'м', '2005-03-24', 2, 3);
INSERT INTO ucenik (id, ime, prezime, pol, datum_rodjenja, razred, odeljenje) VALUES (157, 'Жана', 'Радосављевић', 'ж', '2005-08-01', 2, 3);
INSERT INTO ucenik (id, ime, prezime, pol, datum_rodjenja, razred, odeljenje) VALUES (158, 'Даница', 'Марковић', 'ж', '2005-11-26', 2, 3);
INSERT INTO ucenik (id, ime, prezime, pol, datum_rodjenja, razred, odeljenje) VALUES (159, 'Олга', 'Марјановић', 'ж', '2005-06-19', 2, 3);
INSERT INTO ucenik (id, ime, prezime, pol, datum_rodjenja, razred, odeljenje) VALUES (160, 'Јакша', 'Ћирић', 'м', '2006-01-08', 2, 3);
INSERT INTO ucenik (id, ime, prezime, pol, datum_rodjenja, razred, odeljenje) VALUES (161, 'Огњен', 'Ђокић', 'м', '2005-11-16', 2, 3);
INSERT INTO ucenik (id, ime, prezime, pol, datum_rodjenja, razred, odeljenje) VALUES (162, 'Новак', 'Јовић', 'м', '2005-08-28', 2, 3);
INSERT INTO ucenik (id, ime, prezime, pol, datum_rodjenja, razred, odeljenje) VALUES (163, 'Петар', 'Платиша', 'м', '2005-05-30', 2, 3);
INSERT INTO ucenik (id, ime, prezime, pol, datum_rodjenja, razred, odeljenje) VALUES (164, 'Данило', 'Нешић', 'м', '2005-07-10', 2, 3);
INSERT INTO ucenik (id, ime, prezime, pol, datum_rodjenja, razred, odeljenje) VALUES (165, 'Оливера', 'Михајловић', 'ж', '2005-04-18', 2, 3);
INSERT INTO ucenik (id, ime, prezime, pol, datum_rodjenja, razred, odeljenje) VALUES (166, 'Милица', 'Стаменковић', 'ж', '2005-10-08', 2, 3);
INSERT INTO ucenik (id, ime, prezime, pol, datum_rodjenja, razred, odeljenje) VALUES (167, 'Ксенија', 'Младеновић', 'ж', '2005-12-07', 2, 3);
INSERT INTO ucenik (id, ime, prezime, pol, datum_rodjenja, razred, odeljenje) VALUES (168, 'Зора', 'Стевановић', 'ж', '2005-09-10', 2, 3);
INSERT INTO ucenik (id, ime, prezime, pol, datum_rodjenja, razred, odeljenje) VALUES (169, 'Маша', 'Ристић', 'ж', '2005-06-15', 2, 3);
INSERT INTO ucenik (id, ime, prezime, pol, datum_rodjenja, razred, odeljenje) VALUES (170, 'Вук', 'Трајковић', 'м', '2005-06-08', 2, 3);
INSERT INTO ucenik (id, ime, prezime, pol, datum_rodjenja, razred, odeljenje) VALUES (171, 'Данка', 'Ристић', 'ж', '2005-06-25', 2, 3);
INSERT INTO ucenik (id, ime, prezime, pol, datum_rodjenja, razred, odeljenje) VALUES (172, 'Дејан', 'Стојковић', 'м', '2005-06-15', 2, 3);
INSERT INTO ucenik (id, ime, prezime, pol, datum_rodjenja, razred, odeljenje) VALUES (173, 'Жаклина', 'Ивковић', 'ж', '2005-03-04', 2, 3);
INSERT INTO ucenik (id, ime, prezime, pol, datum_rodjenja, razred, odeljenje) VALUES (174, 'Драган', 'Милошевић', 'м', '2005-06-04', 2, 3);
INSERT INTO ucenik (id, ime, prezime, pol, datum_rodjenja, razred, odeljenje) VALUES (175, 'Борис', 'Бошковић', 'м', '2005-08-30', 2, 3);
INSERT INTO ucenik (id, ime, prezime, pol, datum_rodjenja, razred, odeljenje) VALUES (176, 'Надежда', 'Пешић', 'ж', '2005-09-26', 2, 3);
INSERT INTO ucenik (id, ime, prezime, pol, datum_rodjenja, razred, odeljenje) VALUES (177, 'Љубинка', 'Ћирић', 'ж', '2005-09-12', 2, 3);
INSERT INTO ucenik (id, ime, prezime, pol, datum_rodjenja, razred, odeljenje) VALUES (178, 'Бранислава', 'Платиша', 'ж', '2005-09-10', 2, 3);
INSERT INTO ucenik (id, ime, prezime, pol, datum_rodjenja, razred, odeljenje) VALUES (179, 'Растко', 'Молдован', 'м', '2005-10-17', 2, 3);
INSERT INTO ucenik (id, ime, prezime, pol, datum_rodjenja, razred, odeljenje) VALUES (180, 'Борис', 'Матић', 'м', '2005-12-07', 2, 3);
INSERT INTO ucenik (id, ime, prezime, pol, datum_rodjenja, razred, odeljenje) VALUES (181, 'Срђан', 'Рељин', 'м', '2004-07-25', 3, 1);
INSERT INTO ucenik (id, ime, prezime, pol, datum_rodjenja, razred, odeljenje) VALUES (182, 'Вида', 'Кнежевић', 'ж', '2005-01-15', 3, 1);
INSERT INTO ucenik (id, ime, prezime, pol, datum_rodjenja, razred, odeljenje) VALUES (183, 'Андрија', 'Михајловић', 'м', '2004-08-19', 3, 1);
INSERT INTO ucenik (id, ime, prezime, pol, datum_rodjenja, razred, odeljenje) VALUES (184, 'Вук', 'Марковић', 'м', '2004-08-14', 3, 1);
INSERT INTO ucenik (id, ime, prezime, pol, datum_rodjenja, razred, odeljenje) VALUES (185, 'Угљеша', 'Милановић', 'м', '2004-09-26', 3, 1);
INSERT INTO ucenik (id, ime, prezime, pol, datum_rodjenja, razred, odeljenje) VALUES (186, 'Игор', 'Гузина', 'м', '2004-10-14', 3, 1);
INSERT INTO ucenik (id, ime, prezime, pol, datum_rodjenja, razred, odeljenje) VALUES (187, 'Анђела', 'Ђукић', 'ж', '2005-01-03', 3, 1);
INSERT INTO ucenik (id, ime, prezime, pol, datum_rodjenja, razred, odeljenje) VALUES (188, 'Константин', 'Ристић', 'м', '2004-05-07', 3, 1);
INSERT INTO ucenik (id, ime, prezime, pol, datum_rodjenja, razred, odeljenje) VALUES (189, 'Драгица', 'Бељански', 'ж', '2004-07-12', 3, 1);
INSERT INTO ucenik (id, ime, prezime, pol, datum_rodjenja, razred, odeljenje) VALUES (190, 'Тања', 'Миловановић', 'ж', '2005-02-19', 3, 1);
INSERT INTO ucenik (id, ime, prezime, pol, datum_rodjenja, razred, odeljenje) VALUES (191, 'Срђан', 'Вељковић', 'м', '2005-01-15', 3, 1);
INSERT INTO ucenik (id, ime, prezime, pol, datum_rodjenja, razred, odeljenje) VALUES (192, 'Николина', 'Петковић', 'ж', '2004-05-16', 3, 1);
INSERT INTO ucenik (id, ime, prezime, pol, datum_rodjenja, razred, odeljenje) VALUES (193, 'Павле', 'Матић', 'м', '2004-05-30', 3, 1);
INSERT INTO ucenik (id, ime, prezime, pol, datum_rodjenja, razred, odeljenje) VALUES (194, 'Југослава', 'Грујић', 'ж', '2004-05-16', 3, 1);
INSERT INTO ucenik (id, ime, prezime, pol, datum_rodjenja, razred, odeljenje) VALUES (195, 'Милица', 'Милановић', 'ж', '2005-01-25', 3, 1);
INSERT INTO ucenik (id, ime, prezime, pol, datum_rodjenja, razred, odeljenje) VALUES (196, 'Ема', 'Ивановић', 'ж', '2004-05-03', 3, 1);
INSERT INTO ucenik (id, ime, prezime, pol, datum_rodjenja, razred, odeljenje) VALUES (197, 'Алиса', 'Грујић', 'ж', '2004-12-12', 3, 1);
INSERT INTO ucenik (id, ime, prezime, pol, datum_rodjenja, razred, odeljenje) VALUES (198, 'Елена', 'Николић', 'ж', '2004-08-21', 3, 1);
INSERT INTO ucenik (id, ime, prezime, pol, datum_rodjenja, razred, odeljenje) VALUES (199, 'Вук', 'Гајин', 'м', '2004-10-09', 3, 1);
INSERT INTO ucenik (id, ime, prezime, pol, datum_rodjenja, razred, odeljenje) VALUES (200, 'Ђурђа', 'Лазаревић', 'ж', '2005-01-01', 3, 1);
INSERT INTO ucenik (id, ime, prezime, pol, datum_rodjenja, razred, odeljenje) VALUES (201, 'Милић', 'Милић', 'м', '2004-11-21', 3, 1);
INSERT INTO ucenik (id, ime, prezime, pol, datum_rodjenja, razred, odeljenje) VALUES (202, 'Угљеша', 'Стојановић', 'м', '2004-07-05', 3, 1);
INSERT INTO ucenik (id, ime, prezime, pol, datum_rodjenja, razred, odeljenje) VALUES (203, 'Светлана', 'Радивојевић', 'ж', '2004-07-12', 3, 1);
INSERT INTO ucenik (id, ime, prezime, pol, datum_rodjenja, razred, odeljenje) VALUES (204, 'Мина', 'Картељ', 'ж', '2004-08-22', 3, 1);
INSERT INTO ucenik (id, ime, prezime, pol, datum_rodjenja, razred, odeljenje) VALUES (205, 'Слободан', 'Гајин', 'м', '2005-02-02', 3, 1);
INSERT INTO ucenik (id, ime, prezime, pol, datum_rodjenja, razred, odeljenje) VALUES (206, 'Радица', 'Петковић', 'ж', '2005-02-11', 3, 1);
INSERT INTO ucenik (id, ime, prezime, pol, datum_rodjenja, razred, odeljenje) VALUES (207, 'Јакша', 'Тодоровић', 'м', '2004-06-25', 3, 1);
INSERT INTO ucenik (id, ime, prezime, pol, datum_rodjenja, razred, odeljenje) VALUES (208, 'Олег', 'Недељковић', 'м', '2004-04-20', 3, 1);
INSERT INTO ucenik (id, ime, prezime, pol, datum_rodjenja, razred, odeljenje) VALUES (209, 'Момчило', 'Милутиновић', 'м', '2004-12-03', 3, 1);
INSERT INTO ucenik (id, ime, prezime, pol, datum_rodjenja, razred, odeljenje) VALUES (210, 'Ена', 'Јевтић', 'ж', '2004-03-06', 3, 1);
INSERT INTO ucenik (id, ime, prezime, pol, datum_rodjenja, razred, odeljenje) VALUES (211, 'Ана', 'Стефановић', 'ж', '2005-01-09', 3, 2);
INSERT INTO ucenik (id, ime, prezime, pol, datum_rodjenja, razred, odeljenje) VALUES (212, 'Новак', 'Стојановић', 'м', '2004-07-02', 3, 2);
INSERT INTO ucenik (id, ime, prezime, pol, datum_rodjenja, razred, odeljenje) VALUES (213, 'Вељко', 'Лазић', 'м', '2005-02-02', 3, 2);
INSERT INTO ucenik (id, ime, prezime, pol, datum_rodjenja, razred, odeljenje) VALUES (214, 'Вишња', 'Божин', 'ж', '2004-03-11', 3, 2);
INSERT INTO ucenik (id, ime, prezime, pol, datum_rodjenja, razred, odeljenje) VALUES (215, 'Олег', 'Стаменковић', 'м', '2004-05-11', 3, 2);
INSERT INTO ucenik (id, ime, prezime, pol, datum_rodjenja, razred, odeljenje) VALUES (216, 'Анђелка', 'Вучковић', 'ж', '2004-05-14', 3, 2);
INSERT INTO ucenik (id, ime, prezime, pol, datum_rodjenja, razred, odeljenje) VALUES (217, 'Деспот', 'Ковачевић', 'м', '2004-03-02', 3, 2);
INSERT INTO ucenik (id, ime, prezime, pol, datum_rodjenja, razred, odeljenje) VALUES (218, 'Бранка', 'Платиша', 'ж', '2004-11-29', 3, 2);
INSERT INTO ucenik (id, ime, prezime, pol, datum_rodjenja, razred, odeljenje) VALUES (219, 'Матеа', 'Травица', 'м', '2005-01-22', 3, 2);
INSERT INTO ucenik (id, ime, prezime, pol, datum_rodjenja, razred, odeljenje) VALUES (220, 'Михајло', 'Гајић', 'м', '2005-02-27', 3, 2);
INSERT INTO ucenik (id, ime, prezime, pol, datum_rodjenja, razred, odeljenje) VALUES (221, 'Андреј', 'Гузина', 'м', '2004-10-28', 3, 2);
INSERT INTO ucenik (id, ime, prezime, pol, datum_rodjenja, razred, odeljenje) VALUES (222, 'Маша', 'Милутиновић', 'ж', '2005-02-06', 3, 2);
INSERT INTO ucenik (id, ime, prezime, pol, datum_rodjenja, razred, odeljenje) VALUES (223, 'Гаврило', 'Новаковић', 'м', '2004-05-14', 3, 2);
INSERT INTO ucenik (id, ime, prezime, pol, datum_rodjenja, razred, odeljenje) VALUES (224, 'Љубица', 'Марковић', 'ж', '2004-10-11', 3, 2);
INSERT INTO ucenik (id, ime, prezime, pol, datum_rodjenja, razred, odeljenje) VALUES (225, 'Симеон', 'Ристић', 'м', '2005-02-22', 3, 2);
INSERT INTO ucenik (id, ime, prezime, pol, datum_rodjenja, razred, odeljenje) VALUES (226, 'Николај', 'Костић', 'м', '2004-07-14', 3, 2);
INSERT INTO ucenik (id, ime, prezime, pol, datum_rodjenja, razred, odeljenje) VALUES (227, 'Војин', 'Крстић', 'м', '2004-09-27', 3, 2);
INSERT INTO ucenik (id, ime, prezime, pol, datum_rodjenja, razred, odeljenje) VALUES (228, 'Андрија', 'Бабић', 'м', '2005-02-01', 3, 2);
INSERT INTO ucenik (id, ime, prezime, pol, datum_rodjenja, razred, odeljenje) VALUES (229, 'Ивана', 'Урошевић', 'ж', '2004-05-26', 3, 2);
INSERT INTO ucenik (id, ime, prezime, pol, datum_rodjenja, razred, odeljenje) VALUES (230, 'Аљоша', 'Божић', 'м', '2004-11-14', 3, 2);
INSERT INTO ucenik (id, ime, prezime, pol, datum_rodjenja, razred, odeljenje) VALUES (231, 'Верица', 'Јаковљевић', 'ж', '2004-03-14', 3, 2);
INSERT INTO ucenik (id, ime, prezime, pol, datum_rodjenja, razred, odeljenje) VALUES (232, 'Сава', 'Радовић', 'м', '2004-11-10', 3, 2);
INSERT INTO ucenik (id, ime, prezime, pol, datum_rodjenja, razred, odeljenje) VALUES (233, 'Сава', 'Трифуновић', 'м', '2004-06-04', 3, 2);
INSERT INTO ucenik (id, ime, prezime, pol, datum_rodjenja, razred, odeljenje) VALUES (234, 'Валентина', 'Бошковић', 'ж', '2004-05-21', 3, 2);
INSERT INTO ucenik (id, ime, prezime, pol, datum_rodjenja, razred, odeljenje) VALUES (235, 'Арсеније', 'Петковић', 'м', '2004-08-18', 3, 2);
INSERT INTO ucenik (id, ime, prezime, pol, datum_rodjenja, razred, odeljenje) VALUES (236, 'Миа', 'Милановић', 'ж', '2004-07-28', 3, 3);
INSERT INTO ucenik (id, ime, prezime, pol, datum_rodjenja, razred, odeljenje) VALUES (237, 'Бошко', 'Симић', 'м', '2004-12-07', 3, 3);
INSERT INTO ucenik (id, ime, prezime, pol, datum_rodjenja, razred, odeljenje) VALUES (238, 'Ана', 'Богдановић', 'ж', '2004-08-25', 3, 3);
INSERT INTO ucenik (id, ime, prezime, pol, datum_rodjenja, razred, odeljenje) VALUES (239, 'Даринка', 'Васиљевић', 'ж', '2005-02-08', 3, 3);
INSERT INTO ucenik (id, ime, prezime, pol, datum_rodjenja, razred, odeljenje) VALUES (240, 'Олег', 'Богдановић', 'м', '2004-07-08', 3, 3);
INSERT INTO ucenik (id, ime, prezime, pol, datum_rodjenja, razred, odeljenje) VALUES (241, 'Тања', 'Милојевић', 'ж', '2004-10-09', 3, 3);
INSERT INTO ucenik (id, ime, prezime, pol, datum_rodjenja, razred, odeljenje) VALUES (242, 'Драган', 'Благојевић', 'м', '2004-10-20', 3, 3);
INSERT INTO ucenik (id, ime, prezime, pol, datum_rodjenja, razred, odeljenje) VALUES (243, 'Сташа', 'Бабић', 'ж', '2004-11-02', 3, 3);
INSERT INTO ucenik (id, ime, prezime, pol, datum_rodjenja, razred, odeljenje) VALUES (244, 'Вукашин', 'Милутиновић', 'м', '2004-10-24', 3, 3);
INSERT INTO ucenik (id, ime, prezime, pol, datum_rodjenja, razred, odeljenje) VALUES (245, 'Угљеша', 'Јанковић', 'м', '2004-06-19', 3, 3);
INSERT INTO ucenik (id, ime, prezime, pol, datum_rodjenja, razred, odeljenje) VALUES (246, 'Војин', 'Станојевић', 'м', '2004-04-10', 3, 3);
INSERT INTO ucenik (id, ime, prezime, pol, datum_rodjenja, razred, odeljenje) VALUES (247, 'Јанко', 'Вељковић', 'м', '2004-08-31', 3, 3);
INSERT INTO ucenik (id, ime, prezime, pol, datum_rodjenja, razred, odeljenje) VALUES (248, 'Десанка', 'Радивојевић', 'ж', '2004-05-25', 3, 3);
INSERT INTO ucenik (id, ime, prezime, pol, datum_rodjenja, razred, odeljenje) VALUES (249, 'Јакша', 'Крстић', 'м', '2004-03-13', 3, 3);
INSERT INTO ucenik (id, ime, prezime, pol, datum_rodjenja, razred, odeljenje) VALUES (250, 'Зоран', 'Поповић', 'м', '2004-06-22', 3, 3);
INSERT INTO ucenik (id, ime, prezime, pol, datum_rodjenja, razred, odeljenje) VALUES (251, 'Симон', 'Лазаревић', 'м', '2005-02-06', 3, 3);
INSERT INTO ucenik (id, ime, prezime, pol, datum_rodjenja, razred, odeljenje) VALUES (252, 'Душка', 'Платиша', 'ж', '2004-09-26', 3, 3);
INSERT INTO ucenik (id, ime, prezime, pol, datum_rodjenja, razred, odeljenje) VALUES (253, 'Страхиња', 'Савић', 'м', '2004-09-12', 3, 3);
INSERT INTO ucenik (id, ime, prezime, pol, datum_rodjenja, razred, odeljenje) VALUES (254, 'Никша', 'Вуковић', 'м', '2005-01-01', 3, 3);
INSERT INTO ucenik (id, ime, prezime, pol, datum_rodjenja, razred, odeljenje) VALUES (255, 'Сташа', 'Вуковић', 'ж', '2004-05-02', 3, 3);
INSERT INTO ucenik (id, ime, prezime, pol, datum_rodjenja, razred, odeljenje) VALUES (256, 'Милан', 'Богдановић', 'м', '2004-08-02', 3, 3);
INSERT INTO ucenik (id, ime, prezime, pol, datum_rodjenja, razred, odeljenje) VALUES (257, 'Душан', 'Павловић', 'м', '2004-10-25', 3, 3);
INSERT INTO ucenik (id, ime, prezime, pol, datum_rodjenja, razred, odeljenje) VALUES (258, 'Јелена', 'Стаменковић', 'ж', '2005-02-19', 3, 3);
INSERT INTO ucenik (id, ime, prezime, pol, datum_rodjenja, razred, odeljenje) VALUES (259, 'Адам', 'Миленковић', 'м', '2004-09-07', 3, 3);
INSERT INTO ucenik (id, ime, prezime, pol, datum_rodjenja, razred, odeljenje) VALUES (260, 'Страхиња', 'Бабић', 'м', '2004-03-29', 3, 3);
INSERT INTO ucenik (id, ime, prezime, pol, datum_rodjenja, razred, odeljenje) VALUES (261, 'Андреј', 'Павловић', 'м', '2003-11-30', 4, 1);
INSERT INTO ucenik (id, ime, prezime, pol, datum_rodjenja, razred, odeljenje) VALUES (262, 'Дејан', 'Васиљевић', 'м', '2003-05-02', 4, 1);
INSERT INTO ucenik (id, ime, prezime, pol, datum_rodjenja, razred, odeljenje) VALUES (263, 'Душка', 'Картељ', 'ж', '2004-01-27', 4, 1);
INSERT INTO ucenik (id, ime, prezime, pol, datum_rodjenja, razred, odeljenje) VALUES (264, 'Нина', 'Стаменковић', 'ж', '2003-06-10', 4, 1);
INSERT INTO ucenik (id, ime, prezime, pol, datum_rodjenja, razred, odeljenje) VALUES (265, 'Сава', 'Лазић', 'м', '2003-07-18', 4, 1);
INSERT INTO ucenik (id, ime, prezime, pol, datum_rodjenja, razred, odeljenje) VALUES (266, 'Владимир', 'Трифуновић', 'м', '2003-12-09', 4, 1);
INSERT INTO ucenik (id, ime, prezime, pol, datum_rodjenja, razred, odeljenje) VALUES (267, 'Данило', 'Ћирић', 'м', '2003-04-06', 4, 1);
INSERT INTO ucenik (id, ime, prezime, pol, datum_rodjenja, razred, odeljenje) VALUES (268, 'Драгица', 'Лазић', 'ж', '2003-04-11', 4, 1);
INSERT INTO ucenik (id, ime, prezime, pol, datum_rodjenja, razred, odeljenje) VALUES (269, 'Тијана', 'Ђурђевић', 'ж', '2004-02-17', 4, 1);
INSERT INTO ucenik (id, ime, prezime, pol, datum_rodjenja, razred, odeljenje) VALUES (270, 'Ена', 'Јевтић', 'ж', '2003-04-07', 4, 1);
INSERT INTO ucenik (id, ime, prezime, pol, datum_rodjenja, razred, odeljenje) VALUES (271, 'Бисера', 'Поповић', 'ж', '2003-10-30', 4, 1);
INSERT INTO ucenik (id, ime, prezime, pol, datum_rodjenja, razred, odeljenje) VALUES (272, 'Матеја', 'Цветковић', 'м', '2004-02-08', 4, 1);
INSERT INTO ucenik (id, ime, prezime, pol, datum_rodjenja, razred, odeljenje) VALUES (273, 'Драган', 'Лазић', 'м', '2003-03-07', 4, 1);
INSERT INTO ucenik (id, ime, prezime, pol, datum_rodjenja, razred, odeljenje) VALUES (274, 'Кристијан', 'Павлица', 'м', '2003-05-10', 4, 1);
INSERT INTO ucenik (id, ime, prezime, pol, datum_rodjenja, razred, odeljenje) VALUES (275, 'Вујадин', 'Станојевић', 'м', '2003-09-23', 4, 1);
INSERT INTO ucenik (id, ime, prezime, pol, datum_rodjenja, razred, odeljenje) VALUES (276, 'Коста', 'Кнежевић', 'м', '2003-07-31', 4, 1);
INSERT INTO ucenik (id, ime, prezime, pol, datum_rodjenja, razred, odeljenje) VALUES (277, 'Леон', 'Димитријевић', 'м', '2003-05-20', 4, 1);
INSERT INTO ucenik (id, ime, prezime, pol, datum_rodjenja, razred, odeljenje) VALUES (278, 'Милош', 'Урошевић', 'м', '2003-08-10', 4, 1);
INSERT INTO ucenik (id, ime, prezime, pol, datum_rodjenja, razred, odeljenje) VALUES (279, 'Тодор', 'Стојковић', 'м', '2003-06-06', 4, 1);
INSERT INTO ucenik (id, ime, prezime, pol, datum_rodjenja, razred, odeljenje) VALUES (280, 'Петра', 'Цветковић', 'ж', '2003-04-25', 4, 1);
INSERT INTO ucenik (id, ime, prezime, pol, datum_rodjenja, razred, odeljenje) VALUES (281, 'Валентина', 'Ђорђевић', 'ж', '2003-04-19', 4, 1);
INSERT INTO ucenik (id, ime, prezime, pol, datum_rodjenja, razred, odeljenje) VALUES (282, 'Лав', 'Вуковић', 'м', '2003-04-16', 4, 1);
INSERT INTO ucenik (id, ime, prezime, pol, datum_rodjenja, razred, odeljenje) VALUES (283, 'Душица', 'Лазаревић', 'ж', '2003-08-19', 4, 1);
INSERT INTO ucenik (id, ime, prezime, pol, datum_rodjenja, razred, odeljenje) VALUES (284, 'Арсеније', 'Лазић', 'м', '2003-11-20', 4, 1);
INSERT INTO ucenik (id, ime, prezime, pol, datum_rodjenja, razred, odeljenje) VALUES (285, 'Илија', 'Петровић', 'м', '2003-10-27', 4, 1);
INSERT INTO ucenik (id, ime, prezime, pol, datum_rodjenja, razred, odeljenje) VALUES (286, 'Магдалена', 'Травица', 'ж', '2003-06-16', 4, 1);
INSERT INTO ucenik (id, ime, prezime, pol, datum_rodjenja, razred, odeljenje) VALUES (287, 'Јована', 'Грујић', 'ж', '2003-07-29', 4, 1);
INSERT INTO ucenik (id, ime, prezime, pol, datum_rodjenja, razred, odeljenje) VALUES (288, 'Вишња', 'Гузина', 'ж', '2003-09-11', 4, 1);
INSERT INTO ucenik (id, ime, prezime, pol, datum_rodjenja, razred, odeljenje) VALUES (289, 'Лука', 'Ђурђевић', 'м', '2003-03-03', 4, 1);
INSERT INTO ucenik (id, ime, prezime, pol, datum_rodjenja, razred, odeljenje) VALUES (290, 'Виолета', 'Тодоровић', 'ж', '2003-10-14', 4, 2);
INSERT INTO ucenik (id, ime, prezime, pol, datum_rodjenja, razred, odeljenje) VALUES (291, 'Милица', 'Гајин', 'ж', '2003-07-24', 4, 2);
INSERT INTO ucenik (id, ime, prezime, pol, datum_rodjenja, razred, odeljenje) VALUES (292, 'Божица', 'Ивковић', 'ж', '2003-11-24', 4, 2);
INSERT INTO ucenik (id, ime, prezime, pol, datum_rodjenja, razred, odeljenje) VALUES (293, 'Аница', 'Павловић', 'ж', '2003-07-22', 4, 2);
INSERT INTO ucenik (id, ime, prezime, pol, datum_rodjenja, razred, odeljenje) VALUES (294, 'Јела', 'Радуловић', 'ж', '2003-03-27', 4, 2);
INSERT INTO ucenik (id, ime, prezime, pol, datum_rodjenja, razred, odeljenje) VALUES (295, 'Мартин', 'Недељковић', 'м', '2003-05-24', 4, 2);
INSERT INTO ucenik (id, ime, prezime, pol, datum_rodjenja, razred, odeljenje) VALUES (296, 'Тодор', 'Радуловић', 'м', '2003-03-17', 4, 2);
INSERT INTO ucenik (id, ime, prezime, pol, datum_rodjenja, razred, odeljenje) VALUES (297, 'Ема', 'Радивојевић', 'ж', '2003-12-21', 4, 2);
INSERT INTO ucenik (id, ime, prezime, pol, datum_rodjenja, razred, odeljenje) VALUES (298, 'Алексеј', 'Тошић', 'м', '2004-01-06', 4, 2);
INSERT INTO ucenik (id, ime, prezime, pol, datum_rodjenja, razred, odeljenje) VALUES (299, 'Коста', 'Милић', 'м', '2004-01-26', 4, 2);
INSERT INTO ucenik (id, ime, prezime, pol, datum_rodjenja, razred, odeljenje) VALUES (300, 'Андреј', 'Јаковљевић', 'м', '2003-07-22', 4, 2);
INSERT INTO ucenik (id, ime, prezime, pol, datum_rodjenja, razred, odeljenje) VALUES (301, 'Босиљка', 'Јовић', 'ж', '2003-07-25', 4, 2);
INSERT INTO ucenik (id, ime, prezime, pol, datum_rodjenja, razred, odeljenje) VALUES (302, 'Босиљка', 'Милошевић', 'ж', '2004-01-13', 4, 2);
INSERT INTO ucenik (id, ime, prezime, pol, datum_rodjenja, razred, odeljenje) VALUES (303, 'Сара', 'Ђурђевић', 'ж', '2004-02-11', 4, 2);
INSERT INTO ucenik (id, ime, prezime, pol, datum_rodjenja, razred, odeljenje) VALUES (304, 'Николина', 'Ракић', 'ж', '2003-07-15', 4, 2);
INSERT INTO ucenik (id, ime, prezime, pol, datum_rodjenja, razred, odeljenje) VALUES (305, 'Алекса', 'Митровић', 'м', '2003-10-25', 4, 2);
INSERT INTO ucenik (id, ime, prezime, pol, datum_rodjenja, razred, odeljenje) VALUES (306, 'Нађа', 'Бошковић', 'ж', '2003-11-27', 4, 2);
INSERT INTO ucenik (id, ime, prezime, pol, datum_rodjenja, razred, odeljenje) VALUES (307, 'Доротеа', 'Цветковић', 'ж', '2003-07-07', 4, 2);
INSERT INTO ucenik (id, ime, prezime, pol, datum_rodjenja, razred, odeljenje) VALUES (308, 'Коста', 'Милић', 'м', '2004-02-10', 4, 2);
INSERT INTO ucenik (id, ime, prezime, pol, datum_rodjenja, razred, odeljenje) VALUES (309, 'Владимир', 'Цветковић', 'м', '2003-04-01', 4, 2);
INSERT INTO ucenik (id, ime, prezime, pol, datum_rodjenja, razred, odeljenje) VALUES (310, 'Сунчица', 'Јаковљевић', 'ж', '2003-03-02', 4, 2);
INSERT INTO ucenik (id, ime, prezime, pol, datum_rodjenja, razred, odeljenje) VALUES (311, 'Јана', 'Николић', 'ж', '2003-04-08', 4, 2);
INSERT INTO ucenik (id, ime, prezime, pol, datum_rodjenja, razred, odeljenje) VALUES (312, 'Јанко', 'Картељ', 'м', '2003-03-18', 4, 2);
INSERT INTO ucenik (id, ime, prezime, pol, datum_rodjenja, razred, odeljenje) VALUES (313, 'Милутин', 'Радосављевић', 'м', '2003-07-13', 4, 2);
INSERT INTO ucenik (id, ime, prezime, pol, datum_rodjenja, razred, odeljenje) VALUES (314, 'Милица', 'Лазаревић', 'ж', '2003-07-18', 4, 2);
INSERT INTO ucenik (id, ime, prezime, pol, datum_rodjenja, razred, odeljenje) VALUES (315, 'Игњат', 'Травица', 'м', '2003-08-20', 4, 2);
INSERT INTO ucenik (id, ime, prezime, pol, datum_rodjenja, razred, odeljenje) VALUES (316, 'Ђорђе', 'Јовановић', 'м', '2003-12-22', 4, 2);
INSERT INTO ucenik (id, ime, prezime, pol, datum_rodjenja, razred, odeljenje) VALUES (317, 'Ања', 'Кнежевић', 'ж', '2003-11-22', 4, 3);
INSERT INTO ucenik (id, ime, prezime, pol, datum_rodjenja, razred, odeljenje) VALUES (318, 'Нађа', 'Величковић', 'ж', '2003-09-27', 4, 3);
INSERT INTO ucenik (id, ime, prezime, pol, datum_rodjenja, razred, odeljenje) VALUES (319, 'Весна', 'Васић', 'ж', '2003-03-16', 4, 3);
INSERT INTO ucenik (id, ime, prezime, pol, datum_rodjenja, razred, odeljenje) VALUES (320, 'Лав', 'Грујић', 'м', '2004-01-22', 4, 3);
INSERT INTO ucenik (id, ime, prezime, pol, datum_rodjenja, razred, odeljenje) VALUES (321, 'Загорка', 'Илић', 'ж', '2003-11-18', 4, 3);
INSERT INTO ucenik (id, ime, prezime, pol, datum_rodjenja, razred, odeljenje) VALUES (322, 'Натали', 'Ристић', 'ж', '2003-03-06', 4, 3);
INSERT INTO ucenik (id, ime, prezime, pol, datum_rodjenja, razred, odeljenje) VALUES (323, 'Арсеније', 'Цветковић', 'м', '2004-02-13', 4, 3);
INSERT INTO ucenik (id, ime, prezime, pol, datum_rodjenja, razred, odeljenje) VALUES (324, 'Андријана', 'Поповић', 'ж', '2003-09-24', 4, 3);
INSERT INTO ucenik (id, ime, prezime, pol, datum_rodjenja, razred, odeljenje) VALUES (325, 'Јелисавета', 'Маринковић', 'ж', '2003-08-03', 4, 3);
INSERT INTO ucenik (id, ime, prezime, pol, datum_rodjenja, razred, odeljenje) VALUES (326, 'Анета', 'Граховац', 'ж', '2003-10-09', 4, 3);
INSERT INTO ucenik (id, ime, prezime, pol, datum_rodjenja, razred, odeljenje) VALUES (327, 'Драгана', 'Рељин', 'ж', '2003-12-16', 4, 3);
INSERT INTO ucenik (id, ime, prezime, pol, datum_rodjenja, razred, odeljenje) VALUES (328, 'Тодор', 'Богдановић', 'м', '2003-03-01', 4, 3);
INSERT INTO ucenik (id, ime, prezime, pol, datum_rodjenja, razred, odeljenje) VALUES (329, 'Босиљка', 'Ђокић', 'ж', '2003-06-25', 4, 3);
INSERT INTO ucenik (id, ime, prezime, pol, datum_rodjenja, razred, odeljenje) VALUES (330, 'Теодор', 'Радосављевић', 'м', '2003-04-28', 4, 3);
INSERT INTO ucenik (id, ime, prezime, pol, datum_rodjenja, razred, odeljenje) VALUES (331, 'Алексеј', 'Гузина', 'м', '2003-11-02', 4, 3);
INSERT INTO ucenik (id, ime, prezime, pol, datum_rodjenja, razred, odeljenje) VALUES (332, 'Видак', 'Максимовић', 'м', '2003-07-04', 4, 3);
INSERT INTO ucenik (id, ime, prezime, pol, datum_rodjenja, razred, odeljenje) VALUES (333, 'Максим', 'Цветковић', 'м', '2003-10-21', 4, 3);
INSERT INTO ucenik (id, ime, prezime, pol, datum_rodjenja, razred, odeljenje) VALUES (334, 'Ненад', 'Радуловић', 'м', '2003-09-23', 4, 3);
INSERT INTO ucenik (id, ime, prezime, pol, datum_rodjenja, razred, odeljenje) VALUES (335, 'Константин', 'Васиљевић', 'м', '2004-02-22', 4, 3);
INSERT INTO ucenik (id, ime, prezime, pol, datum_rodjenja, razred, odeljenje) VALUES (336, 'Милош', 'Милош', 'м', '2003-08-09', 4, 3);
INSERT INTO ucenik (id, ime, prezime, pol, datum_rodjenja, razred, odeljenje) VALUES (337, 'Милка', 'Младеновић', 'ж', '2003-06-29', 4, 3);
INSERT INTO ucenik (id, ime, prezime, pol, datum_rodjenja, razred, odeljenje) VALUES (338, 'Маја', 'Матић', 'ж', '2003-10-13', 4, 3);
INSERT INTO ucenik (id, ime, prezime, pol, datum_rodjenja, razred, odeljenje) VALUES (339, 'Драгана', 'Младеновић', 'ж', '2003-03-23', 4, 3);
INSERT INTO ucenik (id, ime, prezime, pol, datum_rodjenja, razred, odeljenje) VALUES (340, 'Ема', 'Трајковић', 'ж', '2003-06-26', 4, 3);
INSERT INTO ucenik (id, ime, prezime, pol, datum_rodjenja, razred, odeljenje) VALUES (341, 'Дејан', 'Лукић', 'м', '2003-11-03', 4, 3);
INSERT INTO ucenik (id, ime, prezime, pol, datum_rodjenja, razred, odeljenje) VALUES (342, 'Ненад', 'Стаменковић', 'м', '2003-07-02', 4, 3);
INSERT INTO ucenik (id, ime, prezime, pol, datum_rodjenja, razred, odeljenje) VALUES (343, 'Аида', 'Филиповић', 'ж', '2003-09-20', 4, 3);
INSERT INTO ucenik (id, ime, prezime, pol, datum_rodjenja, razred, odeljenje) VALUES (344, 'Тијана', 'Илић', 'ж', '2003-12-06', 4, 3);
INSERT INTO ucenik (id, ime, prezime, pol, datum_rodjenja, razred, odeljenje) VALUES (345, 'Виолета', 'Урошевић', 'ж', '2003-12-17', 4, 3);
INSERT INTO ucenik (id, ime, prezime, pol, datum_rodjenja, razred, odeljenje) VALUES (346, 'Адам', 'Пауновић', 'м', '2004-02-16', 4, 3);

-- View: broj_opravdanih_izostanaka
CREATE VIEW broj_opravdanih_izostanaka AS
   SELECT id_ucenik AS id, razred, odeljenje, COUNT(*) as broj_opravdanih
   FROM izostanci_detaljno
   WHERE status = 'оправдан'
   GROUP BY id_ucenik;

-- View: izostanci_detaljno
CREATE VIEW izostanci_detaljno AS
   SELECT izostanak.id,
          izostanak.id_ucenik,
          ucenik.ime,
          ucenik.prezime,
          ucenik.razred,
          ucenik.odeljenje,
          izostanak.datum,
          izostanak.status
   FROM izostanak JOIN
        ucenik ON izostanak.id_ucenik = ucenik.id;

COMMIT TRANSACTION;
PRAGMA foreign_keys = on;
